;CHL
1;0.098619988
2;0.137759622
3;11.28519451
4;5.227008668
5;0.111997399
6;8.651057708
7;0.1745906
8;0.122027728
9;10.76893856
10;0.124397126
11;0.105546882
12;3.180463835
13;0.138725427
14;10.02874503
15;0.112972351
16;0.425964938
17;0.087129014
18;0.115698047
19;10.72843661
20;0.11502897
21;8.389867164
22;0.099111688
23;0.970221847
24;0.1223659
25;0.246164375
26;0.09695119
27;0.796246186
28;0.193830389
29;0.100324863
30;6.879349016
31;0.112922732
32;9.054893163
33;9.253694972
34;1.746319024
35;1.651904411
36;0.960287383
37;9.695706229
38;7.727849762
39;0.107246717
40;0.101605347
41;0.324494633
42;0.14999629
43;15.17979792
44;4.993896898
45;0.108965836
46;10.47110439
47;0.951577754
48;0.163304728
49;8.040618288
50;0.125773099
51;0.117024107
52;5.703417113
53;0.237408056
54;10.59791062
55;0.137463569
56;1.294108768
57;0.093146879
58;0.134672039
59;10.32638032
60;0.125100679
61;7.304072464
62;0.123349563
63;1.163148039
64;0.139062953
65;0.168272458
66;0.101374066
67;0.729899929
68;0.201004776
69;0.109842537
70;6.179495551
71;0.111513489
72;8.705324218
73;9.125105518
74;4.141477201
75;2.618545182
76;3.581953045
77;9.323031813
78;9.146680035
79;0.105017643
80;0.121990128
81;0.128446186
82;0.142009162
83;12.710687
84;6.352774598
85;0.10391469
86;10.23121286
87;3.682104244
88;0.124410519
89;10.75831264
90;0.113885405
91;0.107208557
92;16.80710546
93;0.128578711
94;11.30873238
95;0.103307916
96;7.256407961
97;0.105482689
98;0.127053825
99;11.5055652
100;0.11019833
101;12.03958481
102;0.195347702
103;3.322270482
104;0.115073504
105;0.235086239
106;0.109363473
107;2.445355868
108;1.430348208
109;0.10403756
110;7.960175273
111;0.102118109
112;12.1886273
113;13.59931724
114;11.02547768
115;5.258908132
116;9.679380764
117;8.510639544
118;12.08914597
119;0.101915458
120;0.116597806
121;0.309828911
122;0.143302511
123;11.79769163
124;7.006713428
125;0.10842689
126;9.033020922
127;1.746543768
128;0.106465227
129;11.01541613
130;0.739186553
131;0.089249543
132;11.04839962
133;2.360662696
134;13.42978406
135;0.104725956
136;5.522151337
137;0.093263613
138;0.124650652
139;15.3105763
140;0.1312042
141;11.81164469
142;0.242299454
143;6.689575395
144;0.223572029
145;1.917504146
146;0.096904973
147;3.244287358
148;0.633116022
149;0.100005069
150;5.837505913
151;0.154094356
152;10.17043554
153;11.53034314
154;10.17502862
155;6.685552039
156;8.157493487
157;12.57528914
158;12.05721941
159;0.102097941
160;0.326995953
161;1.193710891
162;0.244150444
163;12.50326049
164;8.685979103
165;0.095265361
166;10.23808324
167;2.473278618
168;0.119104806
169;7.259481049
170;0.423533393
171;0.374118289
172;8.314734024
173;1.785412676
174;14.36902327
175;0.258443796
176;4.312370664
177;0.21488372
178;0.314986396
179;13.79180364
180;0.202342062
181;14.01645654
182;1.31262465
183;4.457182851
184;0.232413244
185;2.540834253
186;0.172992364
187;6.137495899
188;1.242785917
189;0.545411524
190;7.775696772
191;0.213085765
192;11.87587637
193;12.94280845
194;6.589043696
195;7.499470516
196;4.745774158
197;11.62481667
198;10.92434664
199;0.099081498
200;1.01096578
201;1.162210354
202;0.727150614
203;9.406026091
204;8.858526341
205;0.120014264
206;9.594449114
207;2.23994342
208;0.648451855
209;9.752296782
210;1.644840643
211;0.772565531
212;9.094285867
213;2.152743536
214;12.35494219
215;0.614360638
216;1.349179577
217;0.112285503
218;0.902425545
219;12.47671176
220;0.196746429
221;11.78429886
222;1.372159802
223;5.572365335
224;0.867816007
225;2.441440965
226;0.66774463
227;6.172772797
228;0.58331346
229;1.491749073
230;7.990198798
231;0.634039332
232;10.96099683
233;14.19516904
234;6.47774824
235;8.450735457
236;3.876261661
237;10.26792509
238;9.27508228
239;0.173510769
240;0.6861689
241;1.062261368
242;1.101448979
243;10.65862
244;6.715041356
245;0.119615391
246;9.434613703
247;0.529472678
248;0.530745294
249;10.66987688
250;2.111789687
251;0.134012231
252;6.566302045
253;3.366525958
254;11.42124389
255;0.151555861
256;0.429170347
257;0.110065672
258;0.744625262
259;10.78453256
260;0.461936647
261;12.30525188
262;0.24931192
263;6.241041141
264;1.506625217
265;4.570489516
266;0.117513993
267;6.581056838
268;0.16296473
269;0.133407113
270;7.906350064
271;0.861685574
272;10.51936765
273;14.02941552
274;2.99338008
275;7.146991558
276;0.886085971
277;12.03626621
278;7.912441438
279;0.119186116
280;1.384458487
281;0.706434075
282;0.677760146
283;10.07955462
284;5.548477406
285;0.139449655
286;9.880725737
287;0.174541119
288;0.39115284
289;9.951368822
290;1.238521636
291;0.136757749
292;5.950880058
293;3.394439487
294;11.74314596
295;0.156942256
296;0.460902528
297;0.119032121
298;0.502875484
299;11.60744162
300;0.261633976
301;13.36082808
302;0.149360542
303;4.275636928
304;0.996560629
305;3.088767487
306;0.121973079
307;7.075390931
308;0.166554795
309;0.132289401
310;8.609646448
311;0.628416137
312;11.74819797
313;13.27547818
314;2.435936367
315;5.359543811
316;1.14068523
317;10.67913182
318;7.733742304
319;0.137191835
320;1.463496246
321;0.364764312
322;0.781539903
323;10.12807154
324;4.831036221
325;0.144220127
326;11.47376828
327;0.192419125
328;0.137611545
329;9.845370502
330;1.861967648
331;0.133665922
332;5.322280352
333;2.309853916
334;10.57308543
335;0.126418015
336;0.334097428
337;0.13990508
338;0.555629474
339;10.54456737
340;0.127976831
341;9.68430708
342;0.156318294
343;4.290714913
344;0.93915778
345;1.851936922
346;0.141542694
347;6.168091206
348;0.182653758
349;0.126380768
350;7.912966931
351;0.279229508
352;10.67407475
353;14.42709933
354;2.766369873
355;5.71452889
356;0.659069405
357;11.62039537
358;7.090370312
359;0.141544589
360;0.269347
361;0.098405425
362;0.319294406
363;9.320083251
364;6.407817193
365;0.108900911
366;12.15897505
367;0.169771693
368;0.084725321
369;10.22130967
370;0.139175665
371;0.096365497
372;2.697314821
373;0.329553789
374;11.32902286
375;0.084431974
376;0.327421374
377;0.102883696
378;0.086779479
379;11.67450839
380;0.088880293
381;9.50109279
382;0.111251999
383;6.055192313
384;0.655314784
385;2.721091057
386;0.104019737
387;2.327218203
388;0.177629951
389;0.095928514
390;7.149660401
391;0.08704409
392;9.673328523
393;12.78313762
394;1.193856077
395;1.4272056
396;0.607642193
397;11.47434802
398;7.356859834
399;0.104187404
400;0.093544297
401;0.079731412
402;0.079241921
403;11.50086895
404;7.698650934
405;0.088428095
406;12.2422328
407;0.147517343
408;0.083127882
409;10.14317663
410;0.081539123
411;0.080783935
412;3.139751893
413;0.089161938
414;12.51550893
415;0.078317356
416;0.396177557
417;0.079201858
418;0.082678156
419;11.54092921
420;0.079168598
421;10.45082739
422;0.085022118
423;2.90007377
424;0.079224966
425;0.247329435
426;0.077766148
427;0.519173913
428;0.1652929
429;0.080418559
430;8.086637116
431;0.075702339
432;11.68901797
433;13.09992675
434;2.10943578
435;0.953107912
436;1.795122689
437;12.60431427
438;8.571863896
439;0.0844335
440;0.080812201
441;0.102146938
442;0.122813845
443;11.73585105
444;5.233121776
445;0.108522322
446;10.53685288
447;0.203421919
448;0.102968136
449;10.28046759
450;0.117612847
451;0.105309757
452;3.422552709
453;0.12263229
454;10.55754329
455;0.118893551
456;0.493234794
457;0.08623127
458;0.100610724
459;10.70539441
460;0.113238887
461;10.63015382
462;0.096058637
463;2.373641465
464;0.097403142
465;0.219765827
466;0.084187463
467;0.653536258
468;0.230077838
469;0.092121031
470;5.577421696
471;0.106963802
472;10.22787904
473;9.875104087
474;3.619735695
475;1.212591788
476;1.212492888
477;11.29176133
478;8.446381069
479;0.103853484
480;0.096893488
481;0.345058753
482;0.283115055
483;9.718692153
484;4.568278537
485;0.092767034
486;9.471570652
487;1.552441958
488;0.10518755
489;8.744484479
490;0.384800473
491;0.103455215
492;6.346547499
493;0.88598265
494;10.31226676
495;0.111438759
496;3.952785535
497;0.170097969
498;0.12595399
499;12.45395053
500;0.119200961
501;10.83345578
502;0.288854758
503;2.93799812
504;0.272986361
505;0.69475167
506;0.103206868
507;4.576992904
508;1.215160323
509;0.11515546
510;8.011969138
511;0.126309171
512;10.3132685
513;11.51543426
514;6.988157912
515;5.005228925
516;5.941835365
517;10.70417726
518;10.03819616
519;0.1127836
520;0.382407238
521;0.105267835
522;0.115175991
523;14.16020397
524;6.968362858
525;0.103029665
526;11.04311629
527;0.375972015
528;0.118259771
529;10.31528613
530;0.112785229
531;0.108538783
532;6.271947273
533;0.120462828
534;10.31493727
535;0.094311227
536;3.81700298
537;0.095460352
538;0.108962458
539;13.95083261
540;0.103209884
541;10.01981023
542;0.111560125
543;4.501069415
544;0.107611006
545;0.235293555
546;0.107197794
547;1.507985242
548;0.150284957
549;0.103947068
550;6.210434027
551;0.106213527
552;8.825299116
553;12.75818713
554;7.697005722
555;1.591367217
556;4.290561369
557;11.69748164
558;11.90198548
559;0.098614587
560;0.109753446
561;0.108890871
562;0.116014856
563;11.84411615
564;6.097577189
565;0.113701057
566;9.502834413
567;0.958531032
568;0.102904686
569;11.88946541
570;0.123479419
571;0.10734792
572;9.601437019
573;0.166893456
574;14.12457179
575;0.115787675
576;2.005335686
577;0.103474747
578;0.107222087
579;11.40664334
580;0.11036101
581;8.891720838
582;0.126440397
583;3.292525521
584;0.121468515
585;0.209033572
586;0.107908216
587;1.07837826
588;0.257055841
589;0.119320693
590;5.430561947
591;0.134182054
592;7.514457184
593;11.60472372
594;6.850214892
595;1.275397754
596;3.56235969
597;11.41895253
598;9.944866119
599;0.096541813
600;0.104637932
601;2.043735551
602;0.126245185
603;13.7685724
604;7.603291384
605;0.192379636
606;9.26951205
607;4.591426172
608;0.103929273
609;10.24301405
610;0.131289611
611;0.182574451
612;10.35604041
613;0.377857708
614;12.24178145
615;0.103848761
616;8.077305593
617;0.937821941
618;0.116481218
619;12.37446717
620;0.124690678
621;10.95731251
622;4.814702963
623;3.337054776
624;0.120491126
625;0.423119258
626;0.800831252
627;8.710226983
628;3.574605272
629;0.609844334
630;10.82985306
631;0.112153355
632;12.16280191
633;14.43939074
634;12.66989726
635;6.329579678
636;9.695756413
637;8.661397666
638;11.68835938
639;0.189991059
640;2.47744877
641;1.308166769
642;0.160977365
643;11.31590805
644;6.455410129
645;0.12034944
646;8.489847024
647;5.646298704
648;0.116831239
649;8.068672609
650;0.350797089
651;0.149284175
652;9.885826695
653;1.728810114
654;12.83533317
655;0.158769798
656;5.283190179
657;0.386703033
658;0.165552648
659;11.48710782
660;0.160655355
661;14.46591677
662;1.848832248
663;6.577100188
664;0.269967261
665;1.754795537
666;0.382259341
667;7.491407987
668;3.552307978
669;0.280509843
670;7.053173843
671;0.193853435
672;9.414612526
673;10.62009832
674;7.5240187
675;7.806564568
676;6.695441147
677;9.945173799
678;8.846641255
679;0.109929849
680;0.827634768
681;1.901272546
682;1.021556142
683;9.450503293
684;7.604139277
685;0.120078018
686;9.43754408
687;0.755943717
688;0.192555212
689;8.60538218
690;1.493194677
691;0.187141557
692;8.663452866
693;4.165237841
694;11.17994585
695;0.223182891
696;0.971730488
697;0.13751597
698;0.554476067
699;11.16238111
700;0.763479207
701;13.99610721
702;0.538641953
703;9.035471196
704;2.318489588
705;5.868091112
706;0.132434107
707;10.54045023
708;0.257678518
709;0.340520871
710;7.332864242
711;0.771556533
712;11.41888907
713;13.39682902
714;4.669008247
715;9.577581455
716;1.829061353
717;8.868522731
718;8.548788724
719;0.121711773
720;1.420889766
721;0.419078823
722;0.719548155
723;10.25531261
724;5.819394129
725;0.136217277
726;10.81036642
727;0.215644623
728;0.246428019
729;9.750790668
730;1.471005283
731;0.126995599
732;4.024998149
733;3.932284494
734;9.345308446
735;0.134038833
736;0.467721945
737;0.134417329
738;0.352044305
739;10.6415212
740;0.167817661
741;13.13306012
742;0.149749711
743;7.051360424
744;0.466835868
745;2.925588538
746;0.126010763
747;6.152635977
748;0.191012769
749;0.121329842
750;7.27981459
751;0.328436092
752;11.21594452
753;10.43873772
754;0.622790916
755;5.247608213
756;0.469083212
757;11.33373844
758;5.633027485
759;0.128878241
760;0.565089318
761;0.151048962
762;1.297477247
763;11.72883494
764;5.264082606
765;0.126319014
766;10.66409065
767;0.193992032
768;0.118762061
769;9.224564168
770;1.140312686
771;0.135386381
772;2.545200939
773;1.911448807
774;10.47982916
775;0.140458307
776;0.403403434
777;0.102699599
778;0.223586597
779;12.09298521
780;0.12732498
781;13.10037068
782;0.127418942
783;6.974382567
784;1.133317356
785;4.718296191
786;0.109583963
787;4.22852475
788;0.1781827
789;0.14049621
790;7.764496984
791;0.140369622
792;11.84621876
793;11.93485574
794;0.743158598
795;2.360986882
796;0.468703447
797;11.65684922
798;5.547077625
799;0.12663798
800;0.154461237
801;0.120045741
802;0.118619881
803;9.917045573
804;4.569591759
805;0.138023688
806;10.77324095
807;0.188866158
808;0.157602668
809;9.234285323
810;0.118967001
811;0.12203571
812;2.830072408
813;0.219395715
814;10.67978772
815;0.135672395
816;0.405633677
817;0.112394077
818;0.116955754
819;12.36140633
820;0.126671931
821;13.07784421
822;0.129189068
823;5.11613183
824;0.119394841
825;4.086415747
826;0.107421575
827;1.601851724
828;0.214474163
829;0.113547748
830;9.850793646
831;0.116457101
832;11.90689951
833;12.30781867
834;1.136737472
835;1.026675703
836;0.628071299
837;11.73748844
838;5.890029097
839;0.125508142
840;0.115893848
841;0.112978863
842;0.090083707
843;10.47918387
844;5.653770985
845;0.118726873
846;7.568922859
847;0.179898633
848;0.109721972
849;9.686875476
850;0.096349525
851;0.111407454
852;3.217059256
853;0.161936663
854;11.45281786
855;0.107158108
856;0.416532574
857;0.104820273
858;0.087886875
859;12.89005633
860;0.104033823
861;11.00018259
862;0.112923308
863;4.110660936
864;0.094813466
865;1.827501719
866;0.107731772
867;1.248372428
868;0.189458345
869;0.110113372
870;11.0158023
871;0.098132359
872;11.35600219
873;12.94025984
874;1.379581859
875;1.073306561
876;0.542965391
877;11.8201002
878;6.796630383
879;0.115323754
880;0.109985966
881;0.167977131
882;0.102714249
883;9.211484414
884;5.579200874
885;0.099265296
886;8.985886022
887;0.164579136
888;0.1226939
889;11.4346538
890;0.096779718
891;0.091372205
892;4.543569238
893;0.31151774
894;10.55115703
895;0.091097309
896;0.569732897
897;0.091701886
898;0.098621475
899;12.01044125
900;0.090491549
901;9.539393664
902;0.10325724
903;2.001882915
904;0.085756448
905;0.16697404
906;0.090455653
907;1.637897649
908;0.160200535
909;0.0851099
910;7.133488521
911;0.087570198
912;10.27871164
913;12.31979304
914;2.44688762
915;1.498658577
916;0.644021911
917;11.26622966
918;6.048493762
919;0.094400765
920;0.151216851
921;0.086429789
922;0.12412744
923;9.941476166
924;5.182989024
925;0.100666237
926;8.988301351
927;0.177445517
928;0.10483535
929;10.12145055
930;0.096500597
931;0.098398026
932;3.822725388
933;0.238302288
934;12.24454449
935;0.100040356
936;0.58508
937;0.082821204
938;0.103645371
939;12.44145472
940;0.098525895
941;10.52376323
942;0.088778244
943;4.610393112
944;0.105015361
945;0.850462863
946;0.087191049
947;0.819517122
948;0.192867836
949;0.093803549
950;7.239700839
951;0.104253351
952;9.628167653
953;10.21655995
954;1.938124745
955;1.189856015
956;0.983517218
957;11.46693086
958;6.552325225
959;0.097202033
960;0.09286493
961;0.097561419
962;0.149952672
963;12.24994625
964;8.601734418
965;0.109622166
966;9.815397817
967;0.415819233
968;0.101016391
969;10.24384411
970;0.113709918
971;0.096075002
972;4.412990989
973;0.11564515
974;11.05056155
975;0.089649916
976;3.053429445
977;0.082867279
978;0.112456342
979;13.53579685
980;0.11197661
981;10.09428575
982;0.090197088
983;1.877854783
984;0.136363026
985;0.141318006
986;0.090013863
987;0.459098488
988;0.346273801
989;0.094578314
990;7.613874175
991;0.114084214
992;10.87496144
993;10.97420997
994;2.849595483
995;1.664526316
996;2.917838115
997;10.00792661
998;8.689829363
999;0.107966566
1000;0.104399766
1001;0.15300321
1002;0.114191977
1003;11.30574468
1004;5.505120356
1005;0.105738288
1006;9.143646424
1007;0.382263915
1008;0.112396832
1009;7.050489171
1010;0.131933283
1011;0.099714975
1012;8.52284158
1013;0.156763927
1014;12.19411758
1015;0.106591698
1016;4.265814349
1017;0.094645007
1018;0.097195269
1019;10.69970867
1020;0.127811233
1021;8.809256779
1022;0.106540537
1023;2.986594272
1024;0.106306254
1025;0.369051415
1026;0.095214129
1027;3.518572107
1028;0.65412171
1029;0.109165414
1030;6.642649078
1031;0.119664781
1032;10.64183366
1033;12.27336076
1034;8.413705833
1035;1.907233928
1036;4.731308389
1037;11.31953452
1038;11.49020729
1039;0.09880922
1040;0.110907611
1041;0.123786569
1042;0.129800821
1043;14.20338911
1044;6.45110455
1045;0.106826725
1046;6.307244876
1047;3.807025519
1048;0.111868979
1049;7.841937755
1050;0.126714782
1051;0.110984296
1052;10.90177203
1053;0.106267353
1054;11.90690879
1055;0.11769134
1056;7.43972
1057;0.274563529
1058;0.113395906
1059;10.00397421
1060;0.12763823
1061;8.008837328
1062;0.300465326
1063;2.153338208
1064;0.118027861
1065;0.133426071
1066;0.188968125
1067;1.189517446
1068;1.68546013
1069;0.119055455
1070;7.742059149
1071;0.122823142
1072;9.516497325
1073;13.96659768
1074;9.413109824
1075;1.301898007
1076;7.331394637
1077;9.731948086
1078;12.71038319
1079;0.106868653
1080;0.110360178
1081;1.228725693
1082;0.224704534
1083;12.9815865
1084;7.295098417
1085;0.164787433
1086;8.2196498
1087;2.980265956
1088;0.132751376
1089;9.016257296
1090;0.242793494
1091;0.130996229
1092;7.469484967
1093;0.737367251
1094;10.5881562
1095;0.151231622
1096;5.90196086
1097;0.537822099
1098;0.172663585
1099;10.61138264
1100;0.206778673
1101;7.200541738
1102;1.096033848
1103;2.027904794
1104;0.348918115
1105;0.741608921
1106;0.354415136
1107;4.202448978
1108;2.730139829
1109;0.209223491
1110;8.165904787
1111;0.180342642
1112;10.75767862
1113;11.86109575
1114;8.76695969
1115;3.207209347
1116;8.301678066
1117;9.371734642
1118;11.56801407
1119;0.138991811
1120;0.409044966
1121;0.764307008
1122;0.181189989
1123;11.88177988
1124;7.508680622
1125;0.109015683
1126;11.68109834
1127;1.175729039
1128;0.145506843
1129;10.74382936
1130;0.772566729
1131;0.105194874
1132;8.969648797
1133;2.687659732
1134;11.4923346
1135;0.104912964
1136;3.775647155
1137;0.137809611
1138;0.192467128
1139;13.36356788
1140;0.275303464
1141;12.04952006
1142;0.566093872
1143;9.929396189
1144;0.383784357
1145;1.85560624
1146;0.117840558
1147;8.279554296
1148;0.715397039
1149;0.1212251
1150;6.330216984
1151;0.519909364
1152;12.91680763
1153;11.81988928
1154;7.104275967
1155;9.690170202
1156;4.664739633
1157;12.78881881
1158;9.022253192
1159;0.107897268
1160;1.196586823
1161;0.441925293
1162;0.484825405
1163;8.398032608
1164;5.504629077
1165;0.123388059
1166;10.62801086
1167;0.363511039
1168;0.526019596
1169;9.244735191
1170;0.731363783
1171;0.12598703
1172;5.894433574
1173;2.00319146
1174;9.720919321
1175;0.129902972
1176;0.62683661
1177;0.123020144
1178;0.47371249
1179;11.50793006
1180;0.383376489
1181;12.67142126
1182;0.320358621
1183;5.254051338
1184;0.376876793
1185;2.078983987
1186;0.12184544
1187;6.331902456
1188;0.200299207
1189;0.142770133
1190;9.133741542
1191;1.000155737
1192;12.60954562
1193;13.06686569
1194;3.388643302
1195;6.435178505
1196;1.438152195
1197;9.775242218
1198;7.533996658
1199;0.124331969
1200;0.445211773
1201;0.15187533
1202;0.851889172
1203;11.10331379
1204;5.807522423
1205;0.151671748
1206;10.81469953
1207;0.211369197
1208;0.20028171
1209;9.885587006
1210;0.951992399
1211;0.143545089
1212;2.512374192
1213;1.805478409
1214;10.23788571
1215;0.143229652
1216;0.567630433
1217;0.12692569
1218;0.555696061
1219;10.87453481
1220;0.158565063
1221;13.0637815
1222;0.148126753
1223;6.561673248
1224;1.334044464
1225;3.695899824
1226;0.131309397
1227;4.459327553
1228;0.185186746
1229;0.13831146
1230;8.30487229
1231;0.415004344
1232;12.92603431
1233;12.18544314
1234;0.886400067
1235;3.293540194
1236;0.485135849
1237;10.90129351
1238;6.82991317
1239;0.145340948
1240;0.196891514
1241;0.240223791
1242;0.38524563
1243;10.20977472
1244;5.336448765
1245;0.147152031
1246;10.18882086
1247;0.187519674
1248;0.525680503
1249;9.536459702
1250;0.385080823
1251;0.146048965
1252;4.004063343
1253;0.992963463
1254;9.825490696
1255;0.158960826
1256;0.390814556
1257;0.127664687
1258;0.491292597
1259;11.0092993
1260;0.153169515
1261;11.79232005
1262;0.158603624
1263;5.313898006
1264;0.189346911
1265;2.272171079
1266;0.136037792
1267;3.964456816
1268;0.19675931
1269;0.140767021
1270;9.887181993
1271;0.368739331
1272;12.04725619
1273;10.89082427
1274;1.008741138
1275;3.788999504
1276;0.501340636
1277;11.64601246
1278;7.220210671
1279;0.14247978
1280;0.206199543
1281;0.145455154
1282;0.411311661
1283;8.285717723
1284;4.519214087
1285;0.136904385
1286;7.943386198
1287;0.190288384
1288;0.116061858
1289;9.299792824
1290;1.008238446
1291;0.131081561
1292;2.564715583
1293;0.840203305
1294;10.09564979
1295;0.122721684
1296;0.435576849
1297;0.132212516
1298;0.244480751
1299;10.75420919
1300;0.1189158
1301;9.167087816
1302;0.14325588
1303;4.701220387
1304;0.49747376
1305;2.368263445
1306;0.129984254
1307;2.828741557
1308;0.19424284
1309;0.126955263
1310;6.390861119
1311;0.131758183
1312;10.08354563
1313;12.08024316
1314;1.010443103
1315;2.359703015
1316;0.525150995
1317;10.22737504
1318;8.183328616
1319;0.133404628
1320;0.132423569
1321;0.093099391
1322;0.569621213
1323;7.978663504
1324;5.097261031
1325;0.080164564
1326;9.029107855
1327;0.146679291
1328;0.068687919
1329;10.64667781
1330;0.381413429
1331;0.074325046
1332;2.588241637
1333;0.248404461
1334;9.683538377
1335;0.069149156
1336;0.411701556
1337;0.085550419
1338;0.153461373
1339;11.63757127
1340;0.076709612
1341;11.28632677
1342;0.095624235
1343;5.157606478
1344;0.723954341
1345;1.602656903
1346;0.082490871
1347;1.310186754
1348;0.143947204
1349;0.078318447
1350;8.119206575
1351;0.075408224
1352;11.2386735
1353;10.72558642
1354;1.175496387
1355;1.245092138
1356;0.516563328
1357;9.866830246
1358;6.982232667
1359;0.078186438
1360;0.083892204
1361;0.087754258
1362;0.095625366
1363;7.632860519
1364;6.341656982
1365;0.090252606
1366;12.09262698
1367;0.161758112
1368;0.077914614
1369;9.016877954
1370;0.077853206
1371;0.082679369
1372;2.768666189
1373;0.103601424
1374;9.927540148
1375;0.079547744
1376;0.469750896
1377;0.080618569
1378;0.079059469
1379;10.78282525
1380;0.076710643
1381;12.92758166
1382;0.090437196
1383;1.318592814
1384;0.081231374
1385;0.320384917
1386;0.081982035
1387;0.609609093
1388;0.204503524
1389;0.079749361
1390;7.017704899
1391;0.077593257
1392;11.1214646
1393;9.673066461
1394;1.4549845
1395;1.183570603
1396;0.632467902
1397;10.40062178
1398;8.051785491
1399;0.086733025
1400;0.082305247
1401;0.088448718
1402;0.143105298
1403;7.369925115
1404;5.65900471
1405;0.10029562
1406;13.89900018
1407;0.178974814
1408;0.093980477
1409;9.838082801
1410;0.093435457
1411;0.093373461
1412;2.288871156
1413;0.112948219
1414;11.44529422
1415;0.096738227
1416;0.408395029
1417;0.080739285
1418;0.09817042
1419;9.724371641
1420;0.090592087
1421;11.71370316
1422;0.089662351
1423;0.978678456
1424;0.092845583
1425;0.162660419
1426;0.085214653
1427;0.752001984
1428;0.21095208
1429;0.087089145
1430;7.483990428
1431;0.092360022
1432;8.875192082
1433;11.04962187
1434;1.529937436
1435;1.147548896
1436;0.639700337
1437;10.27428794
1438;7.894862209
1439;0.095273991
1440;0.085160847
1441;0.099255933
1442;0.127927205
1443;10.22128773
1444;3.807974428
1445;0.10112226
1446;12.09539822
1447;0.220669061
1448;0.110169177
1449;8.907508841
1450;0.119811003
1451;0.099713692
1452;3.799927514
1453;0.132850907
1454;11.35724834
1455;0.099258034
1456;0.95606418
1457;0.084756169
1458;0.12106208
1459;9.801422564
1460;0.100636033
1461;8.371963674
1462;0.097550665
1463;0.905277039
1464;0.124595481
1465;0.149134721
1466;0.084838179
1467;0.617933095
1468;0.209384006
1469;0.095468666
1470;5.789175912
1471;0.112876299
1472;8.182294176
1473;11.469865
1474;3.235823865
1475;1.247639386
1476;2.961893988
1477;11.50367597
1478;11.04431186
1479;0.096997714
1480;0.101657126
1481;0.130740884
1482;0.151298757
1483;7.704605365
1484;4.746011066
1485;0.11350108
1486;10.75017411
1487;0.215041834
1488;0.161796441
1489;9.559766897
1490;0.132188846
1491;0.128645343
1492;5.161228827
1493;0.123933863
1494;9.95682764
1495;0.150832085
1496;4.011127334
1497;0.098438749
1498;0.154136807
1499;10.1692232
1500;0.126720101
1501;8.430324306
1502;0.134698203
1503;1.03120321
1504;0.139075967
1505;0.139501016
1506;0.114927386
1507;0.430479142
1508;0.230986463
1509;0.126283742
1510;5.940464634
1511;0.1450329
1512;9.233056124
1513;11.99187727
1514;4.324446119
1515;0.940211746
1516;4.737958709
1517;11.42303343
1518;9.490089822
1519;0.115326605
1520;0.11995761
1521;0.394167579
1522;0.122774063
1523;9.453542108
1524;4.036366891
1525;0.113264313
1526;10.56349374
1527;1.617557552
1528;0.132694475
1529;8.859244503
1530;0.127398867
1531;0.113072354
1532;6.235227779
1533;0.37286619
1534;13.51480251
1535;0.115135599
1536;9.985260229
1537;0.124923609
1538;0.13062055
1539;8.557724312
1540;0.111838318
1541;6.684753971
1542;0.666076755
1543;1.625120056
1544;0.124785789
1545;0.180809039
1546;0.122088272
1547;2.581573819
1548;1.274739194
1549;0.132113441
1550;5.794249637
1551;0.123174822
1552;8.189166918
1553;10.77266559
1554;7.773292713
1555;2.478852002
1556;9.099004192
1557;9.599365641
1558;13.13537582
1559;0.113337437
1560;0.235579248
1561;0.837947089
1562;0.141826498
1563;14.0070186
1564;5.036292125
1565;0.118659222
1566;9.852944226
1567;3.150352507
1568;0.112790041
1569;7.597332933
1570;0.124981225
1571;0.133518638
1572;8.239140658
1573;0.74978374
1574;12.51723791
1575;0.120839163
1576;7.144612827
1577;0.14837051
1578;0.113519126
1579;11.34814324
1580;0.120909315
1581;9.180690956
1582;2.013044651
1583;2.406744703
1584;0.125022162
1585;0.87378269
1586;0.186484887
1587;4.328654164
1588;1.97328237
1589;0.201763846
1590;6.1236251
1591;0.10750994
1592;10.31120887
1593;11.91022996
1594;7.404481235
1595;5.19695727
1596;6.40081265
1597;11.32512038
1598;11.36554204
1599;0.128746165
1600;0.245508541
1601;2.342224583
1602;0.28057275
1603;11.44054142
1604;9.105272149
1605;0.135014061
1606;6.914749502
1607;1.784694295
1608;0.125110523
1609;10.87446652
1610;0.594373346
1611;0.135285835
1612;11.84402761
1613;3.391260819
1614;11.27992114
1615;0.183800434
1616;3.733296126
1617;0.190249914
1618;0.179039858
1619;11.89699627
1620;0.407584321
1621;11.87202331
1622;0.955115195
1623;6.101434519
1624;0.466397123
1625;2.843719863
1626;0.229148918
1627;8.420048417
1628;0.88487337
1629;0.243700232
1630;8.831293173
1631;0.349331742
1632;13.01847633
1633;12.56178785
1634;6.878623518
1635;9.506874464
1636;4.118041491
1637;9.478073862
1638;9.6271576
1639;0.164106186
1640;1.890288187
1641;0.316482894
1642;0.51006186
1643;9.495549737
1644;6.55432534
1645;0.142540699
1646;11.1035203
1647;0.209551994
1648;0.303555098
1649;10.38460774
1650;0.612486234
1651;0.140557837
1652;3.678083699
1653;2.729338648
1654;9.326947716
1655;0.147953993
1656;1.07156106
1657;0.124031575
1658;1.659652308
1659;10.44858715
1660;0.200718584
1661;12.01279062
1662;0.135737448
1663;6.958512769
1664;1.012842213
1665;3.947602033
1666;0.121590213
1667;6.44211499
1668;0.204414454
1669;0.136652761
1670;8.563945728
1671;0.272169528
1672;12.85923871
1673;11.66206021
1674;0.704095721
1675;5.482349479
1676;0.669462697
1677;13.28861537
1678;7.785317531
1679;0.145127853
1680;0.578854628
1681;0.657023284
1682;0.414899103
1683;10.20695045
1684;5.286287259
1685;0.179112875
1686;10.31943943
1687;0.20296734
1688;0.3805643
1689;9.571453141
1690;0.557853387
1691;0.167335216
1692;3.379556744
1693;1.882508499
1694;9.583186981
1695;0.175893928
1696;0.42394227
1697;0.13271986
1698;0.514523925
1699;9.46781416
1700;0.164545468
1701;11.49339606
1702;0.15210798
1703;6.415569318
1704;2.250835531
1705;5.645277191
1706;0.143158211
1707;4.678676893
1708;0.197262035
1709;0.151820311
1710;10.28733883
1711;0.205657954
1712;11.53167839
1713;12.24316126
1714;1.064638798
1715;3.00761085
1716;0.492104668
1717;10.88871439
1718;7.265942899
1719;0.182950442
1720;0.689904453
1721;0.166679133
1722;0.238155276
1723;10.28405331
1724;6.981600088
1725;0.16918006
1726;10.77414341
1727;0.187865124
1728;0.318357759
1729;9.864992688
1730;0.188539927
1731;0.17764551
1732;2.731837978
1733;0.241618788
1734;9.162930857
1735;0.194714071
1736;0.430929817
1737;0.13899811
1738;0.202780934
1739;9.807709547
1740;0.212985071
1741;10.48468704
1742;0.163997433
1743;4.863720347
1744;0.185639261
1745;3.351828722
1746;0.147588746
1747;2.120441363
1748;0.186456478
1749;0.174509949
1750;7.456587684
1751;0.20430237
1752;10.9856205
1753;11.81449569
1754;1.324880527
1755;2.016456486
1756;0.443773821
1757;11.29576476
1758;6.714358573
1759;0.175286053
1760;0.1799341
1761;0.136714461
1762;0.406652589
1763;7.788851921
1764;5.357326101
1765;0.169792995
1766;8.49257595
1767;0.197060849
1768;0.205879705
1769;10.58083867
1770;0.17976927
1771;0.136698648
1772;2.863140659
1773;0.445104923
1774;8.470566862
1775;0.12879942
1776;0.362835444
1777;0.120578942
1778;0.393579904
1779;10.16340761
1780;0.12685686
1781;11.69570363
1782;0.130944033
1783;5.444416448
1784;0.364571155
1785;1.295776626
1786;0.131618229
1787;2.101568418
1788;0.1843635
1789;0.126199019
1790;8.278704203
1791;0.182959554
1792;9.896768242
1793;11.77723131
1794;1.245770466
1795;1.573365139
1796;0.421982369
1797;11.48799893
1798;7.341002018
1799;0.157812478
1800;0.126581334
1801;0.105503632
1802;0.256695236
1803;7.623099238
1804;5.487489566
1805;0.094501275
1806;7.020861101
1807;0.160197404
1808;0.079541679
1809;9.985350927
1810;0.547743571
1811;0.085838912
1812;2.538078579
1813;0.236018765
1814;5.985932318
1815;0.082599522
1816;0.384757402
1817;0.104977532
1818;0.2370071
1819;9.498102508
1820;0.086402125
1821;12.56429546
1822;0.110803388
1823;4.565634599
1824;0.376013421
1825;1.769390943
1826;0.100026164
1827;1.265100827
1828;0.164074967
1829;0.0899768
1830;7.627932798
1831;0.089000916
1832;10.61083797
1833;8.88446003
1834;1.177884817
1835;1.207164431
1836;0.573915991
1837;9.030980727
1838;5.822840523
1839;0.09217156
1840;0.093739926
1841;0.091002822
1842;0.07781892
1843;7.031947715
1844;5.477804684
1845;0.096583556
1846;9.655000866
1847;0.170134226
1848;0.073142376
1849;8.931721122
1850;0.082507246
1851;0.085189812
1852;2.592286711
1853;0.118421738
1854;5.570943349
1855;0.075162588
1856;0.436452371
1857;0.086788755
1858;0.072039108
1859;7.245180859
1860;0.07874816
1861;12.11418311
1862;0.098873011
1863;1.799299345
1864;0.077208291
1865;0.172716885
1866;0.083323685
1867;0.640952439
1868;0.186496336
1869;0.085339179
1870;8.409857629
1871;0.076745818
1872;10.57788493
1873;9.204273086
1874;1.267719041
1875;0.995284732
1876;0.614325605
1877;9.913890663
1878;5.981696759
1879;0.089266072
1880;0.0857654
1881;0.104761741
1882;0.11212883
1883;8.571194992
1884;4.3549468
1885;0.108626186
1886;9.590726479
1887;0.187291747
1888;0.104871772
1889;11.30772676
1890;0.098738207
1891;0.097073016
1892;2.767841081
1893;0.135271365
1894;9.983948165
1895;0.102571109
1896;0.341166354
1897;0.084761072
1898;0.097143476
1899;8.102151038
1900;0.10271189
1901;9.862267461
1902;0.101773951
1903;0.644552357
1904;0.092685181
1905;0.117051524
1906;0.091638172
1907;0.539643733
1908;0.179618506
1909;0.091612514
1910;8.011801954
1911;0.097235168
1912;10.16505208
1913;9.324177807
1914;1.419181077
1915;1.08502721
1916;0.601755943
1917;10.10466155
1918;7.77756254
1919;0.101190485
1920;0.090385888
1921;0.104251785
1922;0.135489331
1923;9.048587126
1924;3.566233786
1925;0.107387241
1926;8.441373589
1927;0.602900326
1928;0.112091698
1929;7.994286604
1930;0.111887662
1931;0.109229378
1932;3.602996359
1933;0.154419088
1934;9.196240367
1935;0.111842353
1936;2.607886114
1937;0.101672674
1938;0.120081197
1939;7.275891318
1940;0.108884427
1941;8.47995985
1942;0.116718581
1943;0.898968344
1944;0.117709192
1945;0.382713454
1946;0.117879968
1947;0.669238213
1948;1.239215369
1949;0.107346914
1950;6.710174658
1951;0.114663483
1952;10.70724416
1953;9.428647545
1954;3.078989408
1955;1.333637542
1956;3.134645751
1957;8.635897414
1958;8.305743808
1959;0.10647126
1960;0.108392485
1961;0.148303073
1962;0.189649541
1963;7.883181173
1964;5.173303035
1965;0.110088136
1966;9.917238518
1967;1.369820334
1968;0.142153058
1969;7.810220633
1970;0.140330995
1971;0.132054672
1972;6.602205148
1973;0.199262215
1974;7.332670552
1975;0.124435532
1976;3.977841569
1977;0.093449313
1978;0.157489282
1979;8.307607494
1980;0.139509763
1981;9.404398921
1982;0.126727417
1983;2.938474214
1984;0.146297561
1985;0.249541329
1986;0.098662943
1987;1.243830064
1988;0.226683194
1989;0.128192291
1990;5.289390934
1991;0.141558422
1992;6.417826156
1993;9.841249764
1994;7.857838289
1995;1.952148208
1996;5.997347623
1997;7.128990541
1998;8.029614879
1999;0.126312344
2000;0.131098386
2001;0.283962537
2002;0.124035099
2003;13.26511393
2004;5.403065806
2005;0.130197747
2006;7.924114143
2007;3.325480404
2008;0.105506866
2009;10.35935173
2010;0.114403918
2011;0.130709231
2012;7.982747001
2013;0.35040114
2014;12.83092674
2015;0.113166424
2016;6.11765889
2017;0.105156508
2018;0.106537692
2019;9.889823995
2020;0.115098262
2021;11.21733677
2022;1.584100188
2023;4.706035564
2024;0.11238091
2025;0.54162673
2026;0.793247529
2027;4.885702265
2028;1.043264579
2029;0.138975544
2030;7.85211007
2031;0.114751803
2032;11.6611378
2033;9.395014793
2034;7.339160862
2035;6.123375507
2036;7.495719106
2037;10.06406787
2038;13.86990194
2039;0.12100159
2040;0.141280027
2041;0.234163055
2042;0.117335749
2043;11.47205406
2044;7.046645744
2045;0.096565634
2046;8.783259316
2047;2.28477966
2048;0.110517532
2049;11.87257868
2050;0.147112975
2051;0.103697611
2052;10.74444712
2053;0.339404059
2054;10.11409837
2055;0.123533264
2056;11.26656575
2057;0.110009625
2058;0.102882392
2059;10.44028837
2060;0.123864996
2061;10.86204068
2062;0.326363327
2063;4.204746555
2064;0.117843309
2065;0.799721361
2066;0.095825685
2067;3.534629852
2068;0.711008566
2069;0.11157692
2070;12.23097419
2071;0.115640378
2072;8.976608984
2073;12.33505683
2074;10.27410478
2075;4.031930011
2076;9.75164421
2077;7.581079053
2078;10.68221513
2079;0.100367797
2080;0.190393613
2081;0.616244334
2082;0.113293472
2083;12.48635469
2084;10.12136809
2085;0.113621891
2086;9.044321186
2087;1.771284523
2088;0.126665217
2089;10.12191485
2090;1.030161459
2091;0.110617525
2092;10.43143297
2093;2.27284953
2094;13.03219491
2095;0.122097498
2096;2.768213037
2097;0.113369844
2098;0.140668953
2099;11.13244584
2100;0.12881441
2101;12.01733379
2102;0.361625547
2103;6.752066637
2104;0.206316799
2105;2.599706434
2106;0.106480733
2107;8.668181491
2108;0.327021967
2109;0.114570203
2110;7.82303908
2111;0.147324979
2112;12.23289879
2113;13.28126336
2114;9.923437188
2115;10.35524897
2116;4.055967285
2117;10.99717724
2118;10.97067744
2119;0.106180093
2120;0.51246349
2121;0.292709499
2122;0.165372994
2123;10.76919368
2124;8.25492784
2125;0.119638463
2126;8.492834609
2127;0.167169877
2128;0.15615696
2129;10.66096552
2130;0.586422256
2131;0.118492647
2132;5.10388705
2133;1.307533376
2134;10.98112209
2135;0.117019393
2136;0.404401054
2137;0.110285317
2138;0.172107113
2139;11.9738155
2140;0.166445623
2141;10.66896604
2142;0.119443291
2143;6.64157047
2144;0.282933071
2145;2.495165016
2146;0.108947584
2147;4.722706054
2148;0.165380113
2149;0.116153902
2150;7.121487428
2151;0.397900991
2152;11.16522458
2153;12.38424065
2154;1.470574796
2155;3.942835577
2156;0.683248429
2157;9.081074322
2158;9.410605894
2159;0.122868108
2160;0.27749867
2161;0.248853645
2162;0.713168787
2163;10.96850391
2164;7.278525165
2165;0.125975248
2166;9.988296374
2167;0.160171029
2168;0.159997542
2169;11.34558643
2170;1.157386908
2171;0.125369556
2172;5.575616598
2173;3.521126837
2174;11.94953636
2175;0.125915201
2176;0.298467217
2177;0.114952106
2178;0.413521823
2179;10.90779572
2180;0.12143298
2181;12.14053228
2182;0.115523725
2183;8.721217085
2184;0.934256427
2185;5.2290979
2186;0.109769868
2187;6.985269633
2188;0.161256635
2189;0.123308295
2190;10.69545308
2191;0.284012821
2192;11.46667445
2193;12.89801002
2194;1.534236558
2195;5.153400341
2196;0.504414679
2197;8.533947374
2198;9.056606998
2199;0.123920854
2200;0.13442762
2201;0.159513522
2202;0.60473452
2203;11.3835805
2204;4.424829434
2205;0.147398365
2206;9.915368761
2207;0.170044256
2208;1.151656556
2209;11.26226691
2210;0.179804151
2211;0.126313008
2212;4.762087535
2213;1.427269541
2214;10.72841074
2215;0.302163906
2216;0.344588102
2217;0.107276534
2218;0.40802047
2219;10.85174015
2220;0.221452604
2221;10.640802
2222;0.126127303
2223;6.546332561
2224;0.385719921
2225;4.700730061
2226;0.110703734
2227;4.440960748
2228;0.174141346
2229;0.114891615
2230;9.543475646
2231;0.240164618
2232;11.87009096
2233;12.79084805
2234;1.965763482
2235;5.077253311
2236;0.889823697
2237;10.00848659
2238;7.9798466
2239;0.134962595
2240;0.189977859
2241;0.143564996
2242;0.955867151
2243;9.188409297
2244;4.845055148
2245;0.148259303
2246;8.927905561
2247;0.18438982
2248;0.231994929
2249;9.925535491
2250;0.662476029
2251;0.135999777
2252;4.268823668
2253;0.883195613
2254;8.847771611
2255;0.130690837
2256;0.341733357
2257;0.143256696
2258;0.669339643
2259;11.38694614
2260;0.119681919
2261;7.836779274
2262;0.156381492
2263;6.195750906
2264;0.495387395
2265;2.51857434
2266;0.142289725
2267;4.314197764
2268;0.185141815
2269;0.128959066
2270;8.511544329
2271;0.338613787
2272;9.284567421
2273;11.98623956
2274;1.461255563
2275;3.559485774
2276;0.668559376
2277;10.96823848
2278;7.488696032
2279;0.145104242
2280;0.156817796
2281;0.130904696
2282;0.386785271
2283;9.936118824
2284;6.325639843
2285;0.10337091
2286;7.302391597
2287;0.162300778
2288;0.07802301
2289;10.96366815
2290;0.441087583
2291;0.099469738
2292;2.72221979
2293;0.521338136
2294;6.632555457
2295;0.085059457
2296;0.329993979
2297;0.104514302
2298;0.114044405
2299;12.77412337
2300;0.091717241
2301;10.29418594
2302;0.1180142
2303;6.478737367
2304;0.629341761
2305;2.662048894
2306;0.110273405
2307;1.233468464
2308;0.144498232
2309;0.100260088
2310;10.72012678
2311;0.088569943
2312;10.93161277
2313;11.46073986
2314;1.182504983
2315;1.474202607
2316;0.758263335
2317;10.20218558
2318;7.003123984
2319;0.102822896
2320;0.107580723
2321;0.114789821
2322;0.089163775
2323;8.627750425
2324;5.726080541
2325;0.105367709
2326;7.302301036
2327;0.192926936
2328;0.083580318
2329;10.99762622
2330;0.091374385
2331;0.10333983
2332;2.37800338
2333;0.147583916
2334;9.509848849
2335;0.088065577
2336;0.416986491
2337;0.097310526
2338;0.081791665
2339;10.81229648
2340;0.090564878
2341;10.59940755
2342;0.111992072
2343;3.729861103
2344;0.089877767
2345;0.831146636
2346;0.100069501
2347;0.527903726
2348;0.187350009
2349;0.099995552
2350;10.44179665
2351;0.084658722
2352;10.35629716
2353;10.8845677
2354;1.303211907
2355;1.065455728
2356;0.921278708
2357;8.832113905
2358;7.408990017
2359;0.108950836
2360;0.09779886
2361;0.103406807
2362;0.111256259
2363;10.23645536
2364;3.782216428
2365;0.104024735
2366;5.332232742
2367;0.179725422
2368;0.091379148
2369;9.452308947
2370;0.09315816
2371;0.102472449
2372;4.108620597
2373;0.187611594
2374;12.02254969
2375;0.101732687
2376;0.399652655
2377;0.087724329
2378;0.092823826
2379;10.77507031
2380;0.090751515
2381;11.2863002
2382;0.099748984
2383;2.753570786
2384;0.085527501
2385;0.507368762
2386;0.092139337
2387;1.291169659
2388;0.188375541
2389;0.094359647
2390;9.044833402
2391;0.089960817
2392;10.53394084
2393;11.89113158
2394;2.161549276
2395;1.767466597
2396;0.961612532
2397;8.506557061
2398;9.252702212
2399;0.097624116
2400;0.092108204
