;Date
1;01/01/2021
2;01/01/2021
3;01/01/2021
4;01/01/2021
5;01/01/2021
6;01/01/2021
7;01/01/2021
8;01/01/2021
9;01/01/2021
10;01/01/2021
11;01/01/2021
12;01/01/2021
13;01/01/2021
14;01/01/2021
15;01/01/2021
16;01/01/2021
17;01/01/2021
18;01/01/2021
19;01/01/2021
20;01/01/2021
21;01/01/2021
22;01/01/2021
23;01/01/2021
24;01/01/2021
25;01/01/2021
26;01/01/2021
27;01/01/2021
28;01/01/2021
29;01/01/2021
30;01/01/2021
31;01/01/2021
32;01/01/2021
33;01/01/2021
34;01/01/2021
35;01/01/2021
36;01/01/2021
37;01/01/2021
38;01/01/2021
39;01/01/2021
40;01/01/2021
41;01/02/2021
42;01/02/2021
43;01/02/2021
44;01/02/2021
45;01/02/2021
46;01/02/2021
47;01/02/2021
48;01/02/2021
49;01/02/2021
50;01/02/2021
51;01/02/2021
52;01/02/2021
53;01/02/2021
54;01/02/2021
55;01/02/2021
56;01/02/2021
57;01/02/2021
58;01/02/2021
59;01/02/2021
60;01/02/2021
61;01/02/2021
62;01/02/2021
63;01/02/2021
64;01/02/2021
65;01/02/2021
66;01/02/2021
67;01/02/2021
68;01/02/2021
69;01/02/2021
70;01/02/2021
71;01/02/2021
72;01/02/2021
73;01/02/2021
74;01/02/2021
75;01/02/2021
76;01/02/2021
77;01/02/2021
78;01/02/2021
79;01/02/2021
80;01/02/2021
81;01/03/2021
82;01/03/2021
83;01/03/2021
84;01/03/2021
85;01/03/2021
86;01/03/2021
87;01/03/2021
88;01/03/2021
89;01/03/2021
90;01/03/2021
91;01/03/2021
92;01/03/2021
93;01/03/2021
94;01/03/2021
95;01/03/2021
96;01/03/2021
97;01/03/2021
98;01/03/2021
99;01/03/2021
100;01/03/2021
101;01/03/2021
102;01/03/2021
103;01/03/2021
104;01/03/2021
105;01/03/2021
106;01/03/2021
107;01/03/2021
108;01/03/2021
109;01/03/2021
110;01/03/2021
111;01/03/2021
112;01/03/2021
113;01/03/2021
114;01/03/2021
115;01/03/2021
116;01/03/2021
117;01/03/2021
118;01/03/2021
119;01/03/2021
120;01/03/2021
121;01/04/2021
122;01/04/2021
123;01/04/2021
124;01/04/2021
125;01/04/2021
126;01/04/2021
127;01/04/2021
128;01/04/2021
129;01/04/2021
130;01/04/2021
131;01/04/2021
132;01/04/2021
133;01/04/2021
134;01/04/2021
135;01/04/2021
136;01/04/2021
137;01/04/2021
138;01/04/2021
139;01/04/2021
140;01/04/2021
141;01/04/2021
142;01/04/2021
143;01/04/2021
144;01/04/2021
145;01/04/2021
146;01/04/2021
147;01/04/2021
148;01/04/2021
149;01/04/2021
150;01/04/2021
151;01/04/2021
152;01/04/2021
153;01/04/2021
154;01/04/2021
155;01/04/2021
156;01/04/2021
157;01/04/2021
158;01/04/2021
159;01/04/2021
160;01/04/2021
161;01/05/2021
162;01/05/2021
163;01/05/2021
164;01/05/2021
165;01/05/2021
166;01/05/2021
167;01/05/2021
168;01/05/2021
169;01/05/2021
170;01/05/2021
171;01/05/2021
172;01/05/2021
173;01/05/2021
174;01/05/2021
175;01/05/2021
176;01/05/2021
177;01/05/2021
178;01/05/2021
179;01/05/2021
180;01/05/2021
181;01/05/2021
182;01/05/2021
183;01/05/2021
184;01/05/2021
185;01/05/2021
186;01/05/2021
187;01/05/2021
188;01/05/2021
189;01/05/2021
190;01/05/2021
191;01/05/2021
192;01/05/2021
193;01/05/2021
194;01/05/2021
195;01/05/2021
196;01/05/2021
197;01/05/2021
198;01/05/2021
199;01/05/2021
200;01/05/2021
201;01/06/2021
202;01/06/2021
203;01/06/2021
204;01/06/2021
205;01/06/2021
206;01/06/2021
207;01/06/2021
208;01/06/2021
209;01/06/2021
210;01/06/2021
211;01/06/2021
212;01/06/2021
213;01/06/2021
214;01/06/2021
215;01/06/2021
216;01/06/2021
217;01/06/2021
218;01/06/2021
219;01/06/2021
220;01/06/2021
221;01/06/2021
222;01/06/2021
223;01/06/2021
224;01/06/2021
225;01/06/2021
226;01/06/2021
227;01/06/2021
228;01/06/2021
229;01/06/2021
230;01/06/2021
231;01/06/2021
232;01/06/2021
233;01/06/2021
234;01/06/2021
235;01/06/2021
236;01/06/2021
237;01/06/2021
238;01/06/2021
239;01/06/2021
240;01/06/2021
241;01/07/2021
242;01/07/2021
243;01/07/2021
244;01/07/2021
245;01/07/2021
246;01/07/2021
247;01/07/2021
248;01/07/2021
249;01/07/2021
250;01/07/2021
251;01/07/2021
252;01/07/2021
253;01/07/2021
254;01/07/2021
255;01/07/2021
256;01/07/2021
257;01/07/2021
258;01/07/2021
259;01/07/2021
260;01/07/2021
261;01/07/2021
262;01/07/2021
263;01/07/2021
264;01/07/2021
265;01/07/2021
266;01/07/2021
267;01/07/2021
268;01/07/2021
269;01/07/2021
270;01/07/2021
271;01/07/2021
272;01/07/2021
273;01/07/2021
274;01/07/2021
275;01/07/2021
276;01/07/2021
277;01/07/2021
278;01/07/2021
279;01/07/2021
280;01/07/2021
281;01/08/2021
282;01/08/2021
283;01/08/2021
284;01/08/2021
285;01/08/2021
286;01/08/2021
287;01/08/2021
288;01/08/2021
289;01/08/2021
290;01/08/2021
291;01/08/2021
292;01/08/2021
293;01/08/2021
294;01/08/2021
295;01/08/2021
296;01/08/2021
297;01/08/2021
298;01/08/2021
299;01/08/2021
300;01/08/2021
301;01/08/2021
302;01/08/2021
303;01/08/2021
304;01/08/2021
305;01/08/2021
306;01/08/2021
307;01/08/2021
308;01/08/2021
309;01/08/2021
310;01/08/2021
311;01/08/2021
312;01/08/2021
313;01/08/2021
314;01/08/2021
315;01/08/2021
316;01/08/2021
317;01/08/2021
318;01/08/2021
319;01/08/2021
320;01/08/2021
321;01/09/2021
322;01/09/2021
323;01/09/2021
324;01/09/2021
325;01/09/2021
326;01/09/2021
327;01/09/2021
328;01/09/2021
329;01/09/2021
330;01/09/2021
331;01/09/2021
332;01/09/2021
333;01/09/2021
334;01/09/2021
335;01/09/2021
336;01/09/2021
337;01/09/2021
338;01/09/2021
339;01/09/2021
340;01/09/2021
341;01/09/2021
342;01/09/2021
343;01/09/2021
344;01/09/2021
345;01/09/2021
346;01/09/2021
347;01/09/2021
348;01/09/2021
349;01/09/2021
350;01/09/2021
351;01/09/2021
352;01/09/2021
353;01/09/2021
354;01/09/2021
355;01/09/2021
356;01/09/2021
357;01/09/2021
358;01/09/2021
359;01/09/2021
360;01/09/2021
361;01/10/2021
362;01/10/2021
363;01/10/2021
364;01/10/2021
365;01/10/2021
366;01/10/2021
367;01/10/2021
368;01/10/2021
369;01/10/2021
370;01/10/2021
371;01/10/2021
372;01/10/2021
373;01/10/2021
374;01/10/2021
375;01/10/2021
376;01/10/2021
377;01/10/2021
378;01/10/2021
379;01/10/2021
380;01/10/2021
381;01/10/2021
382;01/10/2021
383;01/10/2021
384;01/10/2021
385;01/10/2021
386;01/10/2021
387;01/10/2021
388;01/10/2021
389;01/10/2021
390;01/10/2021
391;01/10/2021
392;01/10/2021
393;01/10/2021
394;01/10/2021
395;01/10/2021
396;01/10/2021
397;01/10/2021
398;01/10/2021
399;01/10/2021
400;01/10/2021
401;01/11/2021
402;01/11/2021
403;01/11/2021
404;01/11/2021
405;01/11/2021
406;01/11/2021
407;01/11/2021
408;01/11/2021
409;01/11/2021
410;01/11/2021
411;01/11/2021
412;01/11/2021
413;01/11/2021
414;01/11/2021
415;01/11/2021
416;01/11/2021
417;01/11/2021
418;01/11/2021
419;01/11/2021
420;01/11/2021
421;01/11/2021
422;01/11/2021
423;01/11/2021
424;01/11/2021
425;01/11/2021
426;01/11/2021
427;01/11/2021
428;01/11/2021
429;01/11/2021
430;01/11/2021
431;01/11/2021
432;01/11/2021
433;01/11/2021
434;01/11/2021
435;01/11/2021
436;01/11/2021
437;01/11/2021
438;01/11/2021
439;01/11/2021
440;01/11/2021
441;01/12/2021
442;01/12/2021
443;01/12/2021
444;01/12/2021
445;01/12/2021
446;01/12/2021
447;01/12/2021
448;01/12/2021
449;01/12/2021
450;01/12/2021
451;01/12/2021
452;01/12/2021
453;01/12/2021
454;01/12/2021
455;01/12/2021
456;01/12/2021
457;01/12/2021
458;01/12/2021
459;01/12/2021
460;01/12/2021
461;01/12/2021
462;01/12/2021
463;01/12/2021
464;01/12/2021
465;01/12/2021
466;01/12/2021
467;01/12/2021
468;01/12/2021
469;01/12/2021
470;01/12/2021
471;01/12/2021
472;01/12/2021
473;01/12/2021
474;01/12/2021
475;01/12/2021
476;01/12/2021
477;01/12/2021
478;01/12/2021
479;01/12/2021
480;01/12/2021
481;01/01/2022
482;01/01/2022
483;01/01/2022
484;01/01/2022
485;01/01/2022
486;01/01/2022
487;01/01/2022
488;01/01/2022
489;01/01/2022
490;01/01/2022
491;01/01/2022
492;01/01/2022
493;01/01/2022
494;01/01/2022
495;01/01/2022
496;01/01/2022
497;01/01/2022
498;01/01/2022
499;01/01/2022
500;01/01/2022
501;01/01/2022
502;01/01/2022
503;01/01/2022
504;01/01/2022
505;01/01/2022
506;01/01/2022
507;01/01/2022
508;01/01/2022
509;01/01/2022
510;01/01/2022
511;01/01/2022
512;01/01/2022
513;01/01/2022
514;01/01/2022
515;01/01/2022
516;01/01/2022
517;01/01/2022
518;01/01/2022
519;01/01/2022
520;01/01/2022
521;01/02/2022
522;01/02/2022
523;01/02/2022
524;01/02/2022
525;01/02/2022
526;01/02/2022
527;01/02/2022
528;01/02/2022
529;01/02/2022
530;01/02/2022
531;01/02/2022
532;01/02/2022
533;01/02/2022
534;01/02/2022
535;01/02/2022
536;01/02/2022
537;01/02/2022
538;01/02/2022
539;01/02/2022
540;01/02/2022
541;01/02/2022
542;01/02/2022
543;01/02/2022
544;01/02/2022
545;01/02/2022
546;01/02/2022
547;01/02/2022
548;01/02/2022
549;01/02/2022
550;01/02/2022
551;01/02/2022
552;01/02/2022
553;01/02/2022
554;01/02/2022
555;01/02/2022
556;01/02/2022
557;01/02/2022
558;01/02/2022
559;01/02/2022
560;01/02/2022
561;01/03/2022
562;01/03/2022
563;01/03/2022
564;01/03/2022
565;01/03/2022
566;01/03/2022
567;01/03/2022
568;01/03/2022
569;01/03/2022
570;01/03/2022
571;01/03/2022
572;01/03/2022
573;01/03/2022
574;01/03/2022
575;01/03/2022
576;01/03/2022
577;01/03/2022
578;01/03/2022
579;01/03/2022
580;01/03/2022
581;01/03/2022
582;01/03/2022
583;01/03/2022
584;01/03/2022
585;01/03/2022
586;01/03/2022
587;01/03/2022
588;01/03/2022
589;01/03/2022
590;01/03/2022
591;01/03/2022
592;01/03/2022
593;01/03/2022
594;01/03/2022
595;01/03/2022
596;01/03/2022
597;01/03/2022
598;01/03/2022
599;01/03/2022
600;01/03/2022
601;01/04/2022
602;01/04/2022
603;01/04/2022
604;01/04/2022
605;01/04/2022
606;01/04/2022
607;01/04/2022
608;01/04/2022
609;01/04/2022
610;01/04/2022
611;01/04/2022
612;01/04/2022
613;01/04/2022
614;01/04/2022
615;01/04/2022
616;01/04/2022
617;01/04/2022
618;01/04/2022
619;01/04/2022
620;01/04/2022
621;01/04/2022
622;01/04/2022
623;01/04/2022
624;01/04/2022
625;01/04/2022
626;01/04/2022
627;01/04/2022
628;01/04/2022
629;01/04/2022
630;01/04/2022
631;01/04/2022
632;01/04/2022
633;01/04/2022
634;01/04/2022
635;01/04/2022
636;01/04/2022
637;01/04/2022
638;01/04/2022
639;01/04/2022
640;01/04/2022
641;01/05/2022
642;01/05/2022
643;01/05/2022
644;01/05/2022
645;01/05/2022
646;01/05/2022
647;01/05/2022
648;01/05/2022
649;01/05/2022
650;01/05/2022
651;01/05/2022
652;01/05/2022
653;01/05/2022
654;01/05/2022
655;01/05/2022
656;01/05/2022
657;01/05/2022
658;01/05/2022
659;01/05/2022
660;01/05/2022
661;01/05/2022
662;01/05/2022
663;01/05/2022
664;01/05/2022
665;01/05/2022
666;01/05/2022
667;01/05/2022
668;01/05/2022
669;01/05/2022
670;01/05/2022
671;01/05/2022
672;01/05/2022
673;01/05/2022
674;01/05/2022
675;01/05/2022
676;01/05/2022
677;01/05/2022
678;01/05/2022
679;01/05/2022
680;01/05/2022
681;01/06/2022
682;01/06/2022
683;01/06/2022
684;01/06/2022
685;01/06/2022
686;01/06/2022
687;01/06/2022
688;01/06/2022
689;01/06/2022
690;01/06/2022
691;01/06/2022
692;01/06/2022
693;01/06/2022
694;01/06/2022
695;01/06/2022
696;01/06/2022
697;01/06/2022
698;01/06/2022
699;01/06/2022
700;01/06/2022
701;01/06/2022
702;01/06/2022
703;01/06/2022
704;01/06/2022
705;01/06/2022
706;01/06/2022
707;01/06/2022
708;01/06/2022
709;01/06/2022
710;01/06/2022
711;01/06/2022
712;01/06/2022
713;01/06/2022
714;01/06/2022
715;01/06/2022
716;01/06/2022
717;01/06/2022
718;01/06/2022
719;01/06/2022
720;01/06/2022
721;01/07/2022
722;01/07/2022
723;01/07/2022
724;01/07/2022
725;01/07/2022
726;01/07/2022
727;01/07/2022
728;01/07/2022
729;01/07/2022
730;01/07/2022
731;01/07/2022
732;01/07/2022
733;01/07/2022
734;01/07/2022
735;01/07/2022
736;01/07/2022
737;01/07/2022
738;01/07/2022
739;01/07/2022
740;01/07/2022
741;01/07/2022
742;01/07/2022
743;01/07/2022
744;01/07/2022
745;01/07/2022
746;01/07/2022
747;01/07/2022
748;01/07/2022
749;01/07/2022
750;01/07/2022
751;01/07/2022
752;01/07/2022
753;01/07/2022
754;01/07/2022
755;01/07/2022
756;01/07/2022
757;01/07/2022
758;01/07/2022
759;01/07/2022
760;01/07/2022
761;01/08/2022
762;01/08/2022
763;01/08/2022
764;01/08/2022
765;01/08/2022
766;01/08/2022
767;01/08/2022
768;01/08/2022
769;01/08/2022
770;01/08/2022
771;01/08/2022
772;01/08/2022
773;01/08/2022
774;01/08/2022
775;01/08/2022
776;01/08/2022
777;01/08/2022
778;01/08/2022
779;01/08/2022
780;01/08/2022
781;01/08/2022
782;01/08/2022
783;01/08/2022
784;01/08/2022
785;01/08/2022
786;01/08/2022
787;01/08/2022
788;01/08/2022
789;01/08/2022
790;01/08/2022
791;01/08/2022
792;01/08/2022
793;01/08/2022
794;01/08/2022
795;01/08/2022
796;01/08/2022
797;01/08/2022
798;01/08/2022
799;01/08/2022
800;01/08/2022
801;01/09/2022
802;01/09/2022
803;01/09/2022
804;01/09/2022
805;01/09/2022
806;01/09/2022
807;01/09/2022
808;01/09/2022
809;01/09/2022
810;01/09/2022
811;01/09/2022
812;01/09/2022
813;01/09/2022
814;01/09/2022
815;01/09/2022
816;01/09/2022
817;01/09/2022
818;01/09/2022
819;01/09/2022
820;01/09/2022
821;01/09/2022
822;01/09/2022
823;01/09/2022
824;01/09/2022
825;01/09/2022
826;01/09/2022
827;01/09/2022
828;01/09/2022
829;01/09/2022
830;01/09/2022
831;01/09/2022
832;01/09/2022
833;01/09/2022
834;01/09/2022
835;01/09/2022
836;01/09/2022
837;01/09/2022
838;01/09/2022
839;01/09/2022
840;01/09/2022
841;01/10/2022
842;01/10/2022
843;01/10/2022
844;01/10/2022
845;01/10/2022
846;01/10/2022
847;01/10/2022
848;01/10/2022
849;01/10/2022
850;01/10/2022
851;01/10/2022
852;01/10/2022
853;01/10/2022
854;01/10/2022
855;01/10/2022
856;01/10/2022
857;01/10/2022
858;01/10/2022
859;01/10/2022
860;01/10/2022
861;01/10/2022
862;01/10/2022
863;01/10/2022
864;01/10/2022
865;01/10/2022
866;01/10/2022
867;01/10/2022
868;01/10/2022
869;01/10/2022
870;01/10/2022
871;01/10/2022
872;01/10/2022
873;01/10/2022
874;01/10/2022
875;01/10/2022
876;01/10/2022
877;01/10/2022
878;01/10/2022
879;01/10/2022
880;01/10/2022
881;01/11/2022
882;01/11/2022
883;01/11/2022
884;01/11/2022
885;01/11/2022
886;01/11/2022
887;01/11/2022
888;01/11/2022
889;01/11/2022
890;01/11/2022
891;01/11/2022
892;01/11/2022
893;01/11/2022
894;01/11/2022
895;01/11/2022
896;01/11/2022
897;01/11/2022
898;01/11/2022
899;01/11/2022
900;01/11/2022
901;01/11/2022
902;01/11/2022
903;01/11/2022
904;01/11/2022
905;01/11/2022
906;01/11/2022
907;01/11/2022
908;01/11/2022
909;01/11/2022
910;01/11/2022
911;01/11/2022
912;01/11/2022
913;01/11/2022
914;01/11/2022
915;01/11/2022
916;01/11/2022
917;01/11/2022
918;01/11/2022
919;01/11/2022
920;01/11/2022
921;01/12/2022
922;01/12/2022
923;01/12/2022
924;01/12/2022
925;01/12/2022
926;01/12/2022
927;01/12/2022
928;01/12/2022
929;01/12/2022
930;01/12/2022
931;01/12/2022
932;01/12/2022
933;01/12/2022
934;01/12/2022
935;01/12/2022
936;01/12/2022
937;01/12/2022
938;01/12/2022
939;01/12/2022
940;01/12/2022
941;01/12/2022
942;01/12/2022
943;01/12/2022
944;01/12/2022
945;01/12/2022
946;01/12/2022
947;01/12/2022
948;01/12/2022
949;01/12/2022
950;01/12/2022
951;01/12/2022
952;01/12/2022
953;01/12/2022
954;01/12/2022
955;01/12/2022
956;01/12/2022
957;01/12/2022
958;01/12/2022
959;01/12/2022
960;01/12/2022
961;01/01/2023
962;01/01/2023
963;01/01/2023
964;01/01/2023
965;01/01/2023
966;01/01/2023
967;01/01/2023
968;01/01/2023
969;01/01/2023
970;01/01/2023
971;01/01/2023
972;01/01/2023
973;01/01/2023
974;01/01/2023
975;01/01/2023
976;01/01/2023
977;01/01/2023
978;01/01/2023
979;01/01/2023
980;01/01/2023
981;01/01/2023
982;01/01/2023
983;01/01/2023
984;01/01/2023
985;01/01/2023
986;01/01/2023
987;01/01/2023
988;01/01/2023
989;01/01/2023
990;01/01/2023
991;01/01/2023
992;01/01/2023
993;01/01/2023
994;01/01/2023
995;01/01/2023
996;01/01/2023
997;01/01/2023
998;01/01/2023
999;01/01/2023
1000;01/01/2023
1001;01/02/2023
1002;01/02/2023
1003;01/02/2023
1004;01/02/2023
1005;01/02/2023
1006;01/02/2023
1007;01/02/2023
1008;01/02/2023
1009;01/02/2023
1010;01/02/2023
1011;01/02/2023
1012;01/02/2023
1013;01/02/2023
1014;01/02/2023
1015;01/02/2023
1016;01/02/2023
1017;01/02/2023
1018;01/02/2023
1019;01/02/2023
1020;01/02/2023
1021;01/02/2023
1022;01/02/2023
1023;01/02/2023
1024;01/02/2023
1025;01/02/2023
1026;01/02/2023
1027;01/02/2023
1028;01/02/2023
1029;01/02/2023
1030;01/02/2023
1031;01/02/2023
1032;01/02/2023
1033;01/02/2023
1034;01/02/2023
1035;01/02/2023
1036;01/02/2023
1037;01/02/2023
1038;01/02/2023
1039;01/02/2023
1040;01/02/2023
1041;01/03/2023
1042;01/03/2023
1043;01/03/2023
1044;01/03/2023
1045;01/03/2023
1046;01/03/2023
1047;01/03/2023
1048;01/03/2023
1049;01/03/2023
1050;01/03/2023
1051;01/03/2023
1052;01/03/2023
1053;01/03/2023
1054;01/03/2023
1055;01/03/2023
1056;01/03/2023
1057;01/03/2023
1058;01/03/2023
1059;01/03/2023
1060;01/03/2023
1061;01/03/2023
1062;01/03/2023
1063;01/03/2023
1064;01/03/2023
1065;01/03/2023
1066;01/03/2023
1067;01/03/2023
1068;01/03/2023
1069;01/03/2023
1070;01/03/2023
1071;01/03/2023
1072;01/03/2023
1073;01/03/2023
1074;01/03/2023
1075;01/03/2023
1076;01/03/2023
1077;01/03/2023
1078;01/03/2023
1079;01/03/2023
1080;01/03/2023
1081;01/04/2023
1082;01/04/2023
1083;01/04/2023
1084;01/04/2023
1085;01/04/2023
1086;01/04/2023
1087;01/04/2023
1088;01/04/2023
1089;01/04/2023
1090;01/04/2023
1091;01/04/2023
1092;01/04/2023
1093;01/04/2023
1094;01/04/2023
1095;01/04/2023
1096;01/04/2023
1097;01/04/2023
1098;01/04/2023
1099;01/04/2023
1100;01/04/2023
1101;01/04/2023
1102;01/04/2023
1103;01/04/2023
1104;01/04/2023
1105;01/04/2023
1106;01/04/2023
1107;01/04/2023
1108;01/04/2023
1109;01/04/2023
1110;01/04/2023
1111;01/04/2023
1112;01/04/2023
1113;01/04/2023
1114;01/04/2023
1115;01/04/2023
1116;01/04/2023
1117;01/04/2023
1118;01/04/2023
1119;01/04/2023
1120;01/04/2023
1121;01/05/2023
1122;01/05/2023
1123;01/05/2023
1124;01/05/2023
1125;01/05/2023
1126;01/05/2023
1127;01/05/2023
1128;01/05/2023
1129;01/05/2023
1130;01/05/2023
1131;01/05/2023
1132;01/05/2023
1133;01/05/2023
1134;01/05/2023
1135;01/05/2023
1136;01/05/2023
1137;01/05/2023
1138;01/05/2023
1139;01/05/2023
1140;01/05/2023
1141;01/05/2023
1142;01/05/2023
1143;01/05/2023
1144;01/05/2023
1145;01/05/2023
1146;01/05/2023
1147;01/05/2023
1148;01/05/2023
1149;01/05/2023
1150;01/05/2023
1151;01/05/2023
1152;01/05/2023
1153;01/05/2023
1154;01/05/2023
1155;01/05/2023
1156;01/05/2023
1157;01/05/2023
1158;01/05/2023
1159;01/05/2023
1160;01/05/2023
1161;01/06/2023
1162;01/06/2023
1163;01/06/2023
1164;01/06/2023
1165;01/06/2023
1166;01/06/2023
1167;01/06/2023
1168;01/06/2023
1169;01/06/2023
1170;01/06/2023
1171;01/06/2023
1172;01/06/2023
1173;01/06/2023
1174;01/06/2023
1175;01/06/2023
1176;01/06/2023
1177;01/06/2023
1178;01/06/2023
1179;01/06/2023
1180;01/06/2023
1181;01/06/2023
1182;01/06/2023
1183;01/06/2023
1184;01/06/2023
1185;01/06/2023
1186;01/06/2023
1187;01/06/2023
1188;01/06/2023
1189;01/06/2023
1190;01/06/2023
1191;01/06/2023
1192;01/06/2023
1193;01/06/2023
1194;01/06/2023
1195;01/06/2023
1196;01/06/2023
1197;01/06/2023
1198;01/06/2023
1199;01/06/2023
1200;01/06/2023
1201;01/07/2023
1202;01/07/2023
1203;01/07/2023
1204;01/07/2023
1205;01/07/2023
1206;01/07/2023
1207;01/07/2023
1208;01/07/2023
1209;01/07/2023
1210;01/07/2023
1211;01/07/2023
1212;01/07/2023
1213;01/07/2023
1214;01/07/2023
1215;01/07/2023
1216;01/07/2023
1217;01/07/2023
1218;01/07/2023
1219;01/07/2023
1220;01/07/2023
1221;01/07/2023
1222;01/07/2023
1223;01/07/2023
1224;01/07/2023
1225;01/07/2023
1226;01/07/2023
1227;01/07/2023
1228;01/07/2023
1229;01/07/2023
1230;01/07/2023
1231;01/07/2023
1232;01/07/2023
1233;01/07/2023
1234;01/07/2023
1235;01/07/2023
1236;01/07/2023
1237;01/07/2023
1238;01/07/2023
1239;01/07/2023
1240;01/07/2023
1241;01/08/2023
1242;01/08/2023
1243;01/08/2023
1244;01/08/2023
1245;01/08/2023
1246;01/08/2023
1247;01/08/2023
1248;01/08/2023
1249;01/08/2023
1250;01/08/2023
1251;01/08/2023
1252;01/08/2023
1253;01/08/2023
1254;01/08/2023
1255;01/08/2023
1256;01/08/2023
1257;01/08/2023
1258;01/08/2023
1259;01/08/2023
1260;01/08/2023
1261;01/08/2023
1262;01/08/2023
1263;01/08/2023
1264;01/08/2023
1265;01/08/2023
1266;01/08/2023
1267;01/08/2023
1268;01/08/2023
1269;01/08/2023
1270;01/08/2023
1271;01/08/2023
1272;01/08/2023
1273;01/08/2023
1274;01/08/2023
1275;01/08/2023
1276;01/08/2023
1277;01/08/2023
1278;01/08/2023
1279;01/08/2023
1280;01/08/2023
1281;01/09/2023
1282;01/09/2023
1283;01/09/2023
1284;01/09/2023
1285;01/09/2023
1286;01/09/2023
1287;01/09/2023
1288;01/09/2023
1289;01/09/2023
1290;01/09/2023
1291;01/09/2023
1292;01/09/2023
1293;01/09/2023
1294;01/09/2023
1295;01/09/2023
1296;01/09/2023
1297;01/09/2023
1298;01/09/2023
1299;01/09/2023
1300;01/09/2023
1301;01/09/2023
1302;01/09/2023
1303;01/09/2023
1304;01/09/2023
1305;01/09/2023
1306;01/09/2023
1307;01/09/2023
1308;01/09/2023
1309;01/09/2023
1310;01/09/2023
1311;01/09/2023
1312;01/09/2023
1313;01/09/2023
1314;01/09/2023
1315;01/09/2023
1316;01/09/2023
1317;01/09/2023
1318;01/09/2023
1319;01/09/2023
1320;01/09/2023
1321;01/10/2023
1322;01/10/2023
1323;01/10/2023
1324;01/10/2023
1325;01/10/2023
1326;01/10/2023
1327;01/10/2023
1328;01/10/2023
1329;01/10/2023
1330;01/10/2023
1331;01/10/2023
1332;01/10/2023
1333;01/10/2023
1334;01/10/2023
1335;01/10/2023
1336;01/10/2023
1337;01/10/2023
1338;01/10/2023
1339;01/10/2023
1340;01/10/2023
1341;01/10/2023
1342;01/10/2023
1343;01/10/2023
1344;01/10/2023
1345;01/10/2023
1346;01/10/2023
1347;01/10/2023
1348;01/10/2023
1349;01/10/2023
1350;01/10/2023
1351;01/10/2023
1352;01/10/2023
1353;01/10/2023
1354;01/10/2023
1355;01/10/2023
1356;01/10/2023
1357;01/10/2023
1358;01/10/2023
1359;01/10/2023
1360;01/10/2023
1361;01/11/2023
1362;01/11/2023
1363;01/11/2023
1364;01/11/2023
1365;01/11/2023
1366;01/11/2023
1367;01/11/2023
1368;01/11/2023
1369;01/11/2023
1370;01/11/2023
1371;01/11/2023
1372;01/11/2023
1373;01/11/2023
1374;01/11/2023
1375;01/11/2023
1376;01/11/2023
1377;01/11/2023
1378;01/11/2023
1379;01/11/2023
1380;01/11/2023
1381;01/11/2023
1382;01/11/2023
1383;01/11/2023
1384;01/11/2023
1385;01/11/2023
1386;01/11/2023
1387;01/11/2023
1388;01/11/2023
1389;01/11/2023
1390;01/11/2023
1391;01/11/2023
1392;01/11/2023
1393;01/11/2023
1394;01/11/2023
1395;01/11/2023
1396;01/11/2023
1397;01/11/2023
1398;01/11/2023
1399;01/11/2023
1400;01/11/2023
1401;01/12/2023
1402;01/12/2023
1403;01/12/2023
1404;01/12/2023
1405;01/12/2023
1406;01/12/2023
1407;01/12/2023
1408;01/12/2023
1409;01/12/2023
1410;01/12/2023
1411;01/12/2023
1412;01/12/2023
1413;01/12/2023
1414;01/12/2023
1415;01/12/2023
1416;01/12/2023
1417;01/12/2023
1418;01/12/2023
1419;01/12/2023
1420;01/12/2023
1421;01/12/2023
1422;01/12/2023
1423;01/12/2023
1424;01/12/2023
1425;01/12/2023
1426;01/12/2023
1427;01/12/2023
1428;01/12/2023
1429;01/12/2023
1430;01/12/2023
1431;01/12/2023
1432;01/12/2023
1433;01/12/2023
1434;01/12/2023
1435;01/12/2023
1436;01/12/2023
1437;01/12/2023
1438;01/12/2023
1439;01/12/2023
1440;01/12/2023
1441;01/01/2024
1442;01/01/2024
1443;01/01/2024
1444;01/01/2024
1445;01/01/2024
1446;01/01/2024
1447;01/01/2024
1448;01/01/2024
1449;01/01/2024
1450;01/01/2024
1451;01/01/2024
1452;01/01/2024
1453;01/01/2024
1454;01/01/2024
1455;01/01/2024
1456;01/01/2024
1457;01/01/2024
1458;01/01/2024
1459;01/01/2024
1460;01/01/2024
1461;01/01/2024
1462;01/01/2024
1463;01/01/2024
1464;01/01/2024
1465;01/01/2024
1466;01/01/2024
1467;01/01/2024
1468;01/01/2024
1469;01/01/2024
1470;01/01/2024
1471;01/01/2024
1472;01/01/2024
1473;01/01/2024
1474;01/01/2024
1475;01/01/2024
1476;01/01/2024
1477;01/01/2024
1478;01/01/2024
1479;01/01/2024
1480;01/01/2024
1481;01/02/2024
1482;01/02/2024
1483;01/02/2024
1484;01/02/2024
1485;01/02/2024
1486;01/02/2024
1487;01/02/2024
1488;01/02/2024
1489;01/02/2024
1490;01/02/2024
1491;01/02/2024
1492;01/02/2024
1493;01/02/2024
1494;01/02/2024
1495;01/02/2024
1496;01/02/2024
1497;01/02/2024
1498;01/02/2024
1499;01/02/2024
1500;01/02/2024
1501;01/02/2024
1502;01/02/2024
1503;01/02/2024
1504;01/02/2024
1505;01/02/2024
1506;01/02/2024
1507;01/02/2024
1508;01/02/2024
1509;01/02/2024
1510;01/02/2024
1511;01/02/2024
1512;01/02/2024
1513;01/02/2024
1514;01/02/2024
1515;01/02/2024
1516;01/02/2024
1517;01/02/2024
1518;01/02/2024
1519;01/02/2024
1520;01/02/2024
1521;01/03/2024
1522;01/03/2024
1523;01/03/2024
1524;01/03/2024
1525;01/03/2024
1526;01/03/2024
1527;01/03/2024
1528;01/03/2024
1529;01/03/2024
1530;01/03/2024
1531;01/03/2024
1532;01/03/2024
1533;01/03/2024
1534;01/03/2024
1535;01/03/2024
1536;01/03/2024
1537;01/03/2024
1538;01/03/2024
1539;01/03/2024
1540;01/03/2024
1541;01/03/2024
1542;01/03/2024
1543;01/03/2024
1544;01/03/2024
1545;01/03/2024
1546;01/03/2024
1547;01/03/2024
1548;01/03/2024
1549;01/03/2024
1550;01/03/2024
1551;01/03/2024
1552;01/03/2024
1553;01/03/2024
1554;01/03/2024
1555;01/03/2024
1556;01/03/2024
1557;01/03/2024
1558;01/03/2024
1559;01/03/2024
1560;01/03/2024
1561;01/04/2024
1562;01/04/2024
1563;01/04/2024
1564;01/04/2024
1565;01/04/2024
1566;01/04/2024
1567;01/04/2024
1568;01/04/2024
1569;01/04/2024
1570;01/04/2024
1571;01/04/2024
1572;01/04/2024
1573;01/04/2024
1574;01/04/2024
1575;01/04/2024
1576;01/04/2024
1577;01/04/2024
1578;01/04/2024
1579;01/04/2024
1580;01/04/2024
1581;01/04/2024
1582;01/04/2024
1583;01/04/2024
1584;01/04/2024
1585;01/04/2024
1586;01/04/2024
1587;01/04/2024
1588;01/04/2024
1589;01/04/2024
1590;01/04/2024
1591;01/04/2024
1592;01/04/2024
1593;01/04/2024
1594;01/04/2024
1595;01/04/2024
1596;01/04/2024
1597;01/04/2024
1598;01/04/2024
1599;01/04/2024
1600;01/04/2024
1601;01/05/2024
1602;01/05/2024
1603;01/05/2024
1604;01/05/2024
1605;01/05/2024
1606;01/05/2024
1607;01/05/2024
1608;01/05/2024
1609;01/05/2024
1610;01/05/2024
1611;01/05/2024
1612;01/05/2024
1613;01/05/2024
1614;01/05/2024
1615;01/05/2024
1616;01/05/2024
1617;01/05/2024
1618;01/05/2024
1619;01/05/2024
1620;01/05/2024
1621;01/05/2024
1622;01/05/2024
1623;01/05/2024
1624;01/05/2024
1625;01/05/2024
1626;01/05/2024
1627;01/05/2024
1628;01/05/2024
1629;01/05/2024
1630;01/05/2024
1631;01/05/2024
1632;01/05/2024
1633;01/05/2024
1634;01/05/2024
1635;01/05/2024
1636;01/05/2024
1637;01/05/2024
1638;01/05/2024
1639;01/05/2024
1640;01/05/2024
1641;01/06/2024
1642;01/06/2024
1643;01/06/2024
1644;01/06/2024
1645;01/06/2024
1646;01/06/2024
1647;01/06/2024
1648;01/06/2024
1649;01/06/2024
1650;01/06/2024
1651;01/06/2024
1652;01/06/2024
1653;01/06/2024
1654;01/06/2024
1655;01/06/2024
1656;01/06/2024
1657;01/06/2024
1658;01/06/2024
1659;01/06/2024
1660;01/06/2024
1661;01/06/2024
1662;01/06/2024
1663;01/06/2024
1664;01/06/2024
1665;01/06/2024
1666;01/06/2024
1667;01/06/2024
1668;01/06/2024
1669;01/06/2024
1670;01/06/2024
1671;01/06/2024
1672;01/06/2024
1673;01/06/2024
1674;01/06/2024
1675;01/06/2024
1676;01/06/2024
1677;01/06/2024
1678;01/06/2024
1679;01/06/2024
1680;01/06/2024
1681;01/07/2024
1682;01/07/2024
1683;01/07/2024
1684;01/07/2024
1685;01/07/2024
1686;01/07/2024
1687;01/07/2024
1688;01/07/2024
1689;01/07/2024
1690;01/07/2024
1691;01/07/2024
1692;01/07/2024
1693;01/07/2024
1694;01/07/2024
1695;01/07/2024
1696;01/07/2024
1697;01/07/2024
1698;01/07/2024
1699;01/07/2024
1700;01/07/2024
1701;01/07/2024
1702;01/07/2024
1703;01/07/2024
1704;01/07/2024
1705;01/07/2024
1706;01/07/2024
1707;01/07/2024
1708;01/07/2024
1709;01/07/2024
1710;01/07/2024
1711;01/07/2024
1712;01/07/2024
1713;01/07/2024
1714;01/07/2024
1715;01/07/2024
1716;01/07/2024
1717;01/07/2024
1718;01/07/2024
1719;01/07/2024
1720;01/07/2024
1721;01/08/2024
1722;01/08/2024
1723;01/08/2024
1724;01/08/2024
1725;01/08/2024
1726;01/08/2024
1727;01/08/2024
1728;01/08/2024
1729;01/08/2024
1730;01/08/2024
1731;01/08/2024
1732;01/08/2024
1733;01/08/2024
1734;01/08/2024
1735;01/08/2024
1736;01/08/2024
1737;01/08/2024
1738;01/08/2024
1739;01/08/2024
1740;01/08/2024
1741;01/08/2024
1742;01/08/2024
1743;01/08/2024
1744;01/08/2024
1745;01/08/2024
1746;01/08/2024
1747;01/08/2024
1748;01/08/2024
1749;01/08/2024
1750;01/08/2024
1751;01/08/2024
1752;01/08/2024
1753;01/08/2024
1754;01/08/2024
1755;01/08/2024
1756;01/08/2024
1757;01/08/2024
1758;01/08/2024
1759;01/08/2024
1760;01/08/2024
1761;01/09/2024
1762;01/09/2024
1763;01/09/2024
1764;01/09/2024
1765;01/09/2024
1766;01/09/2024
1767;01/09/2024
1768;01/09/2024
1769;01/09/2024
1770;01/09/2024
1771;01/09/2024
1772;01/09/2024
1773;01/09/2024
1774;01/09/2024
1775;01/09/2024
1776;01/09/2024
1777;01/09/2024
1778;01/09/2024
1779;01/09/2024
1780;01/09/2024
1781;01/09/2024
1782;01/09/2024
1783;01/09/2024
1784;01/09/2024
1785;01/09/2024
1786;01/09/2024
1787;01/09/2024
1788;01/09/2024
1789;01/09/2024
1790;01/09/2024
1791;01/09/2024
1792;01/09/2024
1793;01/09/2024
1794;01/09/2024
1795;01/09/2024
1796;01/09/2024
1797;01/09/2024
1798;01/09/2024
1799;01/09/2024
1800;01/09/2024
1801;01/10/2024
1802;01/10/2024
1803;01/10/2024
1804;01/10/2024
1805;01/10/2024
1806;01/10/2024
1807;01/10/2024
1808;01/10/2024
1809;01/10/2024
1810;01/10/2024
1811;01/10/2024
1812;01/10/2024
1813;01/10/2024
1814;01/10/2024
1815;01/10/2024
1816;01/10/2024
1817;01/10/2024
1818;01/10/2024
1819;01/10/2024
1820;01/10/2024
1821;01/10/2024
1822;01/10/2024
1823;01/10/2024
1824;01/10/2024
1825;01/10/2024
1826;01/10/2024
1827;01/10/2024
1828;01/10/2024
1829;01/10/2024
1830;01/10/2024
1831;01/10/2024
1832;01/10/2024
1833;01/10/2024
1834;01/10/2024
1835;01/10/2024
1836;01/10/2024
1837;01/10/2024
1838;01/10/2024
1839;01/10/2024
1840;01/10/2024
1841;01/11/2024
1842;01/11/2024
1843;01/11/2024
1844;01/11/2024
1845;01/11/2024
1846;01/11/2024
1847;01/11/2024
1848;01/11/2024
1849;01/11/2024
1850;01/11/2024
1851;01/11/2024
1852;01/11/2024
1853;01/11/2024
1854;01/11/2024
1855;01/11/2024
1856;01/11/2024
1857;01/11/2024
1858;01/11/2024
1859;01/11/2024
1860;01/11/2024
1861;01/11/2024
1862;01/11/2024
1863;01/11/2024
1864;01/11/2024
1865;01/11/2024
1866;01/11/2024
1867;01/11/2024
1868;01/11/2024
1869;01/11/2024
1870;01/11/2024
1871;01/11/2024
1872;01/11/2024
1873;01/11/2024
1874;01/11/2024
1875;01/11/2024
1876;01/11/2024
1877;01/11/2024
1878;01/11/2024
1879;01/11/2024
1880;01/11/2024
1881;01/12/2024
1882;01/12/2024
1883;01/12/2024
1884;01/12/2024
1885;01/12/2024
1886;01/12/2024
1887;01/12/2024
1888;01/12/2024
1889;01/12/2024
1890;01/12/2024
1891;01/12/2024
1892;01/12/2024
1893;01/12/2024
1894;01/12/2024
1895;01/12/2024
1896;01/12/2024
1897;01/12/2024
1898;01/12/2024
1899;01/12/2024
1900;01/12/2024
1901;01/12/2024
1902;01/12/2024
1903;01/12/2024
1904;01/12/2024
1905;01/12/2024
1906;01/12/2024
1907;01/12/2024
1908;01/12/2024
1909;01/12/2024
1910;01/12/2024
1911;01/12/2024
1912;01/12/2024
1913;01/12/2024
1914;01/12/2024
1915;01/12/2024
1916;01/12/2024
1917;01/12/2024
1918;01/12/2024
1919;01/12/2024
1920;01/12/2024
1921;01/01/2025
1922;01/01/2025
1923;01/01/2025
1924;01/01/2025
1925;01/01/2025
1926;01/01/2025
1927;01/01/2025
1928;01/01/2025
1929;01/01/2025
1930;01/01/2025
1931;01/01/2025
1932;01/01/2025
1933;01/01/2025
1934;01/01/2025
1935;01/01/2025
1936;01/01/2025
1937;01/01/2025
1938;01/01/2025
1939;01/01/2025
1940;01/01/2025
1941;01/01/2025
1942;01/01/2025
1943;01/01/2025
1944;01/01/2025
1945;01/01/2025
1946;01/01/2025
1947;01/01/2025
1948;01/01/2025
1949;01/01/2025
1950;01/01/2025
1951;01/01/2025
1952;01/01/2025
1953;01/01/2025
1954;01/01/2025
1955;01/01/2025
1956;01/01/2025
1957;01/01/2025
1958;01/01/2025
1959;01/01/2025
1960;01/01/2025
1961;01/02/2025
1962;01/02/2025
1963;01/02/2025
1964;01/02/2025
1965;01/02/2025
1966;01/02/2025
1967;01/02/2025
1968;01/02/2025
1969;01/02/2025
1970;01/02/2025
1971;01/02/2025
1972;01/02/2025
1973;01/02/2025
1974;01/02/2025
1975;01/02/2025
1976;01/02/2025
1977;01/02/2025
1978;01/02/2025
1979;01/02/2025
1980;01/02/2025
1981;01/02/2025
1982;01/02/2025
1983;01/02/2025
1984;01/02/2025
1985;01/02/2025
1986;01/02/2025
1987;01/02/2025
1988;01/02/2025
1989;01/02/2025
1990;01/02/2025
1991;01/02/2025
1992;01/02/2025
1993;01/02/2025
1994;01/02/2025
1995;01/02/2025
1996;01/02/2025
1997;01/02/2025
1998;01/02/2025
1999;01/02/2025
2000;01/02/2025
2001;01/03/2025
2002;01/03/2025
2003;01/03/2025
2004;01/03/2025
2005;01/03/2025
2006;01/03/2025
2007;01/03/2025
2008;01/03/2025
2009;01/03/2025
2010;01/03/2025
2011;01/03/2025
2012;01/03/2025
2013;01/03/2025
2014;01/03/2025
2015;01/03/2025
2016;01/03/2025
2017;01/03/2025
2018;01/03/2025
2019;01/03/2025
2020;01/03/2025
2021;01/03/2025
2022;01/03/2025
2023;01/03/2025
2024;01/03/2025
2025;01/03/2025
2026;01/03/2025
2027;01/03/2025
2028;01/03/2025
2029;01/03/2025
2030;01/03/2025
2031;01/03/2025
2032;01/03/2025
2033;01/03/2025
2034;01/03/2025
2035;01/03/2025
2036;01/03/2025
2037;01/03/2025
2038;01/03/2025
2039;01/03/2025
2040;01/03/2025
2041;01/04/2025
2042;01/04/2025
2043;01/04/2025
2044;01/04/2025
2045;01/04/2025
2046;01/04/2025
2047;01/04/2025
2048;01/04/2025
2049;01/04/2025
2050;01/04/2025
2051;01/04/2025
2052;01/04/2025
2053;01/04/2025
2054;01/04/2025
2055;01/04/2025
2056;01/04/2025
2057;01/04/2025
2058;01/04/2025
2059;01/04/2025
2060;01/04/2025
2061;01/04/2025
2062;01/04/2025
2063;01/04/2025
2064;01/04/2025
2065;01/04/2025
2066;01/04/2025
2067;01/04/2025
2068;01/04/2025
2069;01/04/2025
2070;01/04/2025
2071;01/04/2025
2072;01/04/2025
2073;01/04/2025
2074;01/04/2025
2075;01/04/2025
2076;01/04/2025
2077;01/04/2025
2078;01/04/2025
2079;01/04/2025
2080;01/04/2025
2081;01/05/2025
2082;01/05/2025
2083;01/05/2025
2084;01/05/2025
2085;01/05/2025
2086;01/05/2025
2087;01/05/2025
2088;01/05/2025
2089;01/05/2025
2090;01/05/2025
2091;01/05/2025
2092;01/05/2025
2093;01/05/2025
2094;01/05/2025
2095;01/05/2025
2096;01/05/2025
2097;01/05/2025
2098;01/05/2025
2099;01/05/2025
2100;01/05/2025
2101;01/05/2025
2102;01/05/2025
2103;01/05/2025
2104;01/05/2025
2105;01/05/2025
2106;01/05/2025
2107;01/05/2025
2108;01/05/2025
2109;01/05/2025
2110;01/05/2025
2111;01/05/2025
2112;01/05/2025
2113;01/05/2025
2114;01/05/2025
2115;01/05/2025
2116;01/05/2025
2117;01/05/2025
2118;01/05/2025
2119;01/05/2025
2120;01/05/2025
2121;01/06/2025
2122;01/06/2025
2123;01/06/2025
2124;01/06/2025
2125;01/06/2025
2126;01/06/2025
2127;01/06/2025
2128;01/06/2025
2129;01/06/2025
2130;01/06/2025
2131;01/06/2025
2132;01/06/2025
2133;01/06/2025
2134;01/06/2025
2135;01/06/2025
2136;01/06/2025
2137;01/06/2025
2138;01/06/2025
2139;01/06/2025
2140;01/06/2025
2141;01/06/2025
2142;01/06/2025
2143;01/06/2025
2144;01/06/2025
2145;01/06/2025
2146;01/06/2025
2147;01/06/2025
2148;01/06/2025
2149;01/06/2025
2150;01/06/2025
2151;01/06/2025
2152;01/06/2025
2153;01/06/2025
2154;01/06/2025
2155;01/06/2025
2156;01/06/2025
2157;01/06/2025
2158;01/06/2025
2159;01/06/2025
2160;01/06/2025
2161;01/07/2025
2162;01/07/2025
2163;01/07/2025
2164;01/07/2025
2165;01/07/2025
2166;01/07/2025
2167;01/07/2025
2168;01/07/2025
2169;01/07/2025
2170;01/07/2025
2171;01/07/2025
2172;01/07/2025
2173;01/07/2025
2174;01/07/2025
2175;01/07/2025
2176;01/07/2025
2177;01/07/2025
2178;01/07/2025
2179;01/07/2025
2180;01/07/2025
2181;01/07/2025
2182;01/07/2025
2183;01/07/2025
2184;01/07/2025
2185;01/07/2025
2186;01/07/2025
2187;01/07/2025
2188;01/07/2025
2189;01/07/2025
2190;01/07/2025
2191;01/07/2025
2192;01/07/2025
2193;01/07/2025
2194;01/07/2025
2195;01/07/2025
2196;01/07/2025
2197;01/07/2025
2198;01/07/2025
2199;01/07/2025
2200;01/07/2025
2201;01/08/2025
2202;01/08/2025
2203;01/08/2025
2204;01/08/2025
2205;01/08/2025
2206;01/08/2025
2207;01/08/2025
2208;01/08/2025
2209;01/08/2025
2210;01/08/2025
2211;01/08/2025
2212;01/08/2025
2213;01/08/2025
2214;01/08/2025
2215;01/08/2025
2216;01/08/2025
2217;01/08/2025
2218;01/08/2025
2219;01/08/2025
2220;01/08/2025
2221;01/08/2025
2222;01/08/2025
2223;01/08/2025
2224;01/08/2025
2225;01/08/2025
2226;01/08/2025
2227;01/08/2025
2228;01/08/2025
2229;01/08/2025
2230;01/08/2025
2231;01/08/2025
2232;01/08/2025
2233;01/08/2025
2234;01/08/2025
2235;01/08/2025
2236;01/08/2025
2237;01/08/2025
2238;01/08/2025
2239;01/08/2025
2240;01/08/2025
2241;01/09/2025
2242;01/09/2025
2243;01/09/2025
2244;01/09/2025
2245;01/09/2025
2246;01/09/2025
2247;01/09/2025
2248;01/09/2025
2249;01/09/2025
2250;01/09/2025
2251;01/09/2025
2252;01/09/2025
2253;01/09/2025
2254;01/09/2025
2255;01/09/2025
2256;01/09/2025
2257;01/09/2025
2258;01/09/2025
2259;01/09/2025
2260;01/09/2025
2261;01/09/2025
2262;01/09/2025
2263;01/09/2025
2264;01/09/2025
2265;01/09/2025
2266;01/09/2025
2267;01/09/2025
2268;01/09/2025
2269;01/09/2025
2270;01/09/2025
2271;01/09/2025
2272;01/09/2025
2273;01/09/2025
2274;01/09/2025
2275;01/09/2025
2276;01/09/2025
2277;01/09/2025
2278;01/09/2025
2279;01/09/2025
2280;01/09/2025
2281;01/10/2025
2282;01/10/2025
2283;01/10/2025
2284;01/10/2025
2285;01/10/2025
2286;01/10/2025
2287;01/10/2025
2288;01/10/2025
2289;01/10/2025
2290;01/10/2025
2291;01/10/2025
2292;01/10/2025
2293;01/10/2025
2294;01/10/2025
2295;01/10/2025
2296;01/10/2025
2297;01/10/2025
2298;01/10/2025
2299;01/10/2025
2300;01/10/2025
2301;01/10/2025
2302;01/10/2025
2303;01/10/2025
2304;01/10/2025
2305;01/10/2025
2306;01/10/2025
2307;01/10/2025
2308;01/10/2025
2309;01/10/2025
2310;01/10/2025
2311;01/10/2025
2312;01/10/2025
2313;01/10/2025
2314;01/10/2025
2315;01/10/2025
2316;01/10/2025
2317;01/10/2025
2318;01/10/2025
2319;01/10/2025
2320;01/10/2025
2321;01/11/2025
2322;01/11/2025
2323;01/11/2025
2324;01/11/2025
2325;01/11/2025
2326;01/11/2025
2327;01/11/2025
2328;01/11/2025
2329;01/11/2025
2330;01/11/2025
2331;01/11/2025
2332;01/11/2025
2333;01/11/2025
2334;01/11/2025
2335;01/11/2025
2336;01/11/2025
2337;01/11/2025
2338;01/11/2025
2339;01/11/2025
2340;01/11/2025
2341;01/11/2025
2342;01/11/2025
2343;01/11/2025
2344;01/11/2025
2345;01/11/2025
2346;01/11/2025
2347;01/11/2025
2348;01/11/2025
2349;01/11/2025
2350;01/11/2025
2351;01/11/2025
2352;01/11/2025
2353;01/11/2025
2354;01/11/2025
2355;01/11/2025
2356;01/11/2025
2357;01/11/2025
2358;01/11/2025
2359;01/11/2025
2360;01/11/2025
2361;01/12/2025
2362;01/12/2025
2363;01/12/2025
2364;01/12/2025
2365;01/12/2025
2366;01/12/2025
2367;01/12/2025
2368;01/12/2025
2369;01/12/2025
2370;01/12/2025
2371;01/12/2025
2372;01/12/2025
2373;01/12/2025
2374;01/12/2025
2375;01/12/2025
2376;01/12/2025
2377;01/12/2025
2378;01/12/2025
2379;01/12/2025
2380;01/12/2025
2381;01/12/2025
2382;01/12/2025
2383;01/12/2025
2384;01/12/2025
2385;01/12/2025
2386;01/12/2025
2387;01/12/2025
2388;01/12/2025
2389;01/12/2025
2390;01/12/2025
2391;01/12/2025
2392;01/12/2025
2393;01/12/2025
2394;01/12/2025
2395;01/12/2025
2396;01/12/2025
2397;01/12/2025
2398;01/12/2025
2399;01/12/2025
2400;01/12/2025
