"";"lon";"lat"
"1";-48.5416666666667;3.25
"2";-49.375;7.04166666666667
"3";-48.2916666666667;-0.541666666666665
"4";-51.5833333333333;4.54166666666667
"5";-45.5;2.375
"6";-49.7083333333333;1.25
"7";-47.4166666666667;1.41666666666667
"8";-48.0416666666667;5.33333333333334
"9";-50.4583333333333;3
"10";-49.875;5.25000000000001
"11";-46.9166666666667;3.125
"12";-48.625;1.95833333333334
"13";-49.5833333333333;4
"14";-48.4583333333333;0.708333333333336
"15";-47.6666666666667;4.12500000000001
"16";-47.2916666666667;0.166666666666669
"17";-46.25;1.45833333333334
"18";-49;5.95833333333334
"19";-49.625;2.33333333333334
"20";-48.6666666666667;4.50000000000001
"21";-49.25;0.0416666666666683
"22";-47.7083333333333;2.45833333333334
"23";-50.5833333333333;4.25000000000001
"24";-50.0833333333333;6.25000000000001
"25";-50.875;5.33333333333334
"26";-46.7916666666667;2.20833333333334
"27";-49.4166666666667;3.16666666666667
"28";-46.7916666666667;0.833333333333336
"29";-47.7083333333333;3.29166666666667
"30";-51;3.58333333333334
"31";-49.0833333333333;5.16666666666667
"32";-49.9583333333333;0.541666666666669
"33";-48.9583333333333;1.29166666666667
"34";-48.1666666666667;1.375
"35";-48.9166666666667;2.625
"36";-47.7083333333333;0.750000000000002
"37";-50.375;2.29166666666667
"38";-48.0833333333333;0.125000000000002
"39";-46.1666666666667;2.54166666666667
"40";-48.9166666666667;3.83333333333334
"41";-48.5416666666667;3.25
"42";-49.375;7.04166666666667
"43";-48.2916666666667;-0.541666666666665
"44";-51.5833333333333;4.54166666666667
"45";-45.5;2.375
"46";-49.7083333333333;1.25
"47";-47.4166666666667;1.41666666666667
"48";-48.0416666666667;5.33333333333334
"49";-50.4583333333333;3
"50";-49.875;5.25000000000001
"51";-46.9166666666667;3.125
"52";-48.625;1.95833333333334
"53";-49.5833333333333;4
"54";-48.4583333333333;0.708333333333336
"55";-47.6666666666667;4.12500000000001
"56";-47.2916666666667;0.166666666666669
"57";-46.25;1.45833333333334
"58";-49;5.95833333333334
"59";-49.625;2.33333333333334
"60";-48.6666666666667;4.50000000000001
"61";-49.25;0.0416666666666683
"62";-47.7083333333333;2.45833333333334
"63";-50.5833333333333;4.25000000000001
"64";-50.0833333333333;6.25000000000001
"65";-50.875;5.33333333333334
"66";-46.7916666666667;2.20833333333334
"67";-49.4166666666667;3.16666666666667
"68";-46.7916666666667;0.833333333333336
"69";-47.7083333333333;3.29166666666667
"70";-51;3.58333333333334
"71";-49.0833333333333;5.16666666666667
"72";-49.9583333333333;0.541666666666669
"73";-48.9583333333333;1.29166666666667
"74";-48.1666666666667;1.375
"75";-48.9166666666667;2.625
"76";-47.7083333333333;0.750000000000002
"77";-50.375;2.29166666666667
"78";-48.0833333333333;0.125000000000002
"79";-46.1666666666667;2.54166666666667
"80";-48.9166666666667;3.83333333333334
"81";-48.5416666666667;3.25
"82";-49.375;7.04166666666667
"83";-48.2916666666667;-0.541666666666665
"84";-51.5833333333333;4.54166666666667
"85";-45.5;2.375
"86";-49.7083333333333;1.25
"87";-47.4166666666667;1.41666666666667
"88";-48.0416666666667;5.33333333333334
"89";-50.4583333333333;3
"90";-49.875;5.25000000000001
"91";-46.9166666666667;3.125
"92";-48.625;1.95833333333334
"93";-49.5833333333333;4
"94";-48.4583333333333;0.708333333333336
"95";-47.6666666666667;4.12500000000001
"96";-47.2916666666667;0.166666666666669
"97";-46.25;1.45833333333334
"98";-49;5.95833333333334
"99";-49.625;2.33333333333334
"100";-48.6666666666667;4.50000000000001
"101";-49.25;0.0416666666666683
"102";-47.7083333333333;2.45833333333334
"103";-50.5833333333333;4.25000000000001
"104";-50.0833333333333;6.25000000000001
"105";-50.875;5.33333333333334
"106";-46.7916666666667;2.20833333333334
"107";-49.4166666666667;3.16666666666667
"108";-46.7916666666667;0.833333333333336
"109";-47.7083333333333;3.29166666666667
"110";-51;3.58333333333334
"111";-49.0833333333333;5.16666666666667
"112";-49.9583333333333;0.541666666666669
"113";-48.9583333333333;1.29166666666667
"114";-48.1666666666667;1.375
"115";-48.9166666666667;2.625
"116";-47.7083333333333;0.750000000000002
"117";-50.375;2.29166666666667
"118";-48.0833333333333;0.125000000000002
"119";-46.1666666666667;2.54166666666667
"120";-48.9166666666667;3.83333333333334
"121";-48.5416666666667;3.25
"122";-49.375;7.04166666666667
"123";-48.2916666666667;-0.541666666666665
"124";-51.5833333333333;4.54166666666667
"125";-45.5;2.375
"126";-49.7083333333333;1.25
"127";-47.4166666666667;1.41666666666667
"128";-48.0416666666667;5.33333333333334
"129";-50.4583333333333;3
"130";-49.875;5.25000000000001
"131";-46.9166666666667;3.125
"132";-48.625;1.95833333333334
"133";-49.5833333333333;4
"134";-48.4583333333333;0.708333333333336
"135";-47.6666666666667;4.12500000000001
"136";-47.2916666666667;0.166666666666669
"137";-46.25;1.45833333333334
"138";-49;5.95833333333334
"139";-49.625;2.33333333333334
"140";-48.6666666666667;4.50000000000001
"141";-49.25;0.0416666666666683
"142";-47.7083333333333;2.45833333333334
"143";-50.5833333333333;4.25000000000001
"144";-50.0833333333333;6.25000000000001
"145";-50.875;5.33333333333334
"146";-46.7916666666667;2.20833333333334
"147";-49.4166666666667;3.16666666666667
"148";-46.7916666666667;0.833333333333336
"149";-47.7083333333333;3.29166666666667
"150";-51;3.58333333333334
"151";-49.0833333333333;5.16666666666667
"152";-49.9583333333333;0.541666666666669
"153";-48.9583333333333;1.29166666666667
"154";-48.1666666666667;1.375
"155";-48.9166666666667;2.625
"156";-47.7083333333333;0.750000000000002
"157";-50.375;2.29166666666667
"158";-48.0833333333333;0.125000000000002
"159";-46.1666666666667;2.54166666666667
"160";-48.9166666666667;3.83333333333334
"161";-48.5416666666667;3.25
"162";-49.375;7.04166666666667
"163";-48.2916666666667;-0.541666666666665
"164";-51.5833333333333;4.54166666666667
"165";-45.5;2.375
"166";-49.7083333333333;1.25
"167";-47.4166666666667;1.41666666666667
"168";-48.0416666666667;5.33333333333334
"169";-50.4583333333333;3
"170";-49.875;5.25000000000001
"171";-46.9166666666667;3.125
"172";-48.625;1.95833333333334
"173";-49.5833333333333;4
"174";-48.4583333333333;0.708333333333336
"175";-47.6666666666667;4.12500000000001
"176";-47.2916666666667;0.166666666666669
"177";-46.25;1.45833333333334
"178";-49;5.95833333333334
"179";-49.625;2.33333333333334
"180";-48.6666666666667;4.50000000000001
"181";-49.25;0.0416666666666683
"182";-47.7083333333333;2.45833333333334
"183";-50.5833333333333;4.25000000000001
"184";-50.0833333333333;6.25000000000001
"185";-50.875;5.33333333333334
"186";-46.7916666666667;2.20833333333334
"187";-49.4166666666667;3.16666666666667
"188";-46.7916666666667;0.833333333333336
"189";-47.7083333333333;3.29166666666667
"190";-51;3.58333333333334
"191";-49.0833333333333;5.16666666666667
"192";-49.9583333333333;0.541666666666669
"193";-48.9583333333333;1.29166666666667
"194";-48.1666666666667;1.375
"195";-48.9166666666667;2.625
"196";-47.7083333333333;0.750000000000002
"197";-50.375;2.29166666666667
"198";-48.0833333333333;0.125000000000002
"199";-46.1666666666667;2.54166666666667
"200";-48.9166666666667;3.83333333333334
"201";-48.5416666666667;3.25
"202";-49.375;7.04166666666667
"203";-48.2916666666667;-0.541666666666665
"204";-51.5833333333333;4.54166666666667
"205";-45.5;2.375
"206";-49.7083333333333;1.25
"207";-47.4166666666667;1.41666666666667
"208";-48.0416666666667;5.33333333333334
"209";-50.4583333333333;3
"210";-49.875;5.25000000000001
"211";-46.9166666666667;3.125
"212";-48.625;1.95833333333334
"213";-49.5833333333333;4
"214";-48.4583333333333;0.708333333333336
"215";-47.6666666666667;4.12500000000001
"216";-47.2916666666667;0.166666666666669
"217";-46.25;1.45833333333334
"218";-49;5.95833333333334
"219";-49.625;2.33333333333334
"220";-48.6666666666667;4.50000000000001
"221";-49.25;0.0416666666666683
"222";-47.7083333333333;2.45833333333334
"223";-50.5833333333333;4.25000000000001
"224";-50.0833333333333;6.25000000000001
"225";-50.875;5.33333333333334
"226";-46.7916666666667;2.20833333333334
"227";-49.4166666666667;3.16666666666667
"228";-46.7916666666667;0.833333333333336
"229";-47.7083333333333;3.29166666666667
"230";-51;3.58333333333334
"231";-49.0833333333333;5.16666666666667
"232";-49.9583333333333;0.541666666666669
"233";-48.9583333333333;1.29166666666667
"234";-48.1666666666667;1.375
"235";-48.9166666666667;2.625
"236";-47.7083333333333;0.750000000000002
"237";-50.375;2.29166666666667
"238";-48.0833333333333;0.125000000000002
"239";-46.1666666666667;2.54166666666667
"240";-48.9166666666667;3.83333333333334
"241";-48.5416666666667;3.25
"242";-49.375;7.04166666666667
"243";-48.2916666666667;-0.541666666666665
"244";-51.5833333333333;4.54166666666667
"245";-45.5;2.375
"246";-49.7083333333333;1.25
"247";-47.4166666666667;1.41666666666667
"248";-48.0416666666667;5.33333333333334
"249";-50.4583333333333;3
"250";-49.875;5.25000000000001
"251";-46.9166666666667;3.125
"252";-48.625;1.95833333333334
"253";-49.5833333333333;4
"254";-48.4583333333333;0.708333333333336
"255";-47.6666666666667;4.12500000000001
"256";-47.2916666666667;0.166666666666669
"257";-46.25;1.45833333333334
"258";-49;5.95833333333334
"259";-49.625;2.33333333333334
"260";-48.6666666666667;4.50000000000001
"261";-49.25;0.0416666666666683
"262";-47.7083333333333;2.45833333333334
"263";-50.5833333333333;4.25000000000001
"264";-50.0833333333333;6.25000000000001
"265";-50.875;5.33333333333334
"266";-46.7916666666667;2.20833333333334
"267";-49.4166666666667;3.16666666666667
"268";-46.7916666666667;0.833333333333336
"269";-47.7083333333333;3.29166666666667
"270";-51;3.58333333333334
"271";-49.0833333333333;5.16666666666667
"272";-49.9583333333333;0.541666666666669
"273";-48.9583333333333;1.29166666666667
"274";-48.1666666666667;1.375
"275";-48.9166666666667;2.625
"276";-47.7083333333333;0.750000000000002
"277";-50.375;2.29166666666667
"278";-48.0833333333333;0.125000000000002
"279";-46.1666666666667;2.54166666666667
"280";-48.9166666666667;3.83333333333334
"281";-48.5416666666667;3.25
"282";-49.375;7.04166666666667
"283";-48.2916666666667;-0.541666666666665
"284";-51.5833333333333;4.54166666666667
"285";-45.5;2.375
"286";-49.7083333333333;1.25
"287";-47.4166666666667;1.41666666666667
"288";-48.0416666666667;5.33333333333334
"289";-50.4583333333333;3
"290";-49.875;5.25000000000001
"291";-46.9166666666667;3.125
"292";-48.625;1.95833333333334
"293";-49.5833333333333;4
"294";-48.4583333333333;0.708333333333336
"295";-47.6666666666667;4.12500000000001
"296";-47.2916666666667;0.166666666666669
"297";-46.25;1.45833333333334
"298";-49;5.95833333333334
"299";-49.625;2.33333333333334
"300";-48.6666666666667;4.50000000000001
"301";-49.25;0.0416666666666683
"302";-47.7083333333333;2.45833333333334
"303";-50.5833333333333;4.25000000000001
"304";-50.0833333333333;6.25000000000001
"305";-50.875;5.33333333333334
"306";-46.7916666666667;2.20833333333334
"307";-49.4166666666667;3.16666666666667
"308";-46.7916666666667;0.833333333333336
"309";-47.7083333333333;3.29166666666667
"310";-51;3.58333333333334
"311";-49.0833333333333;5.16666666666667
"312";-49.9583333333333;0.541666666666669
"313";-48.9583333333333;1.29166666666667
"314";-48.1666666666667;1.375
"315";-48.9166666666667;2.625
"316";-47.7083333333333;0.750000000000002
"317";-50.375;2.29166666666667
"318";-48.0833333333333;0.125000000000002
"319";-46.1666666666667;2.54166666666667
"320";-48.9166666666667;3.83333333333334
"321";-48.5416666666667;3.25
"322";-49.375;7.04166666666667
"323";-48.2916666666667;-0.541666666666665
"324";-51.5833333333333;4.54166666666667
"325";-45.5;2.375
"326";-49.7083333333333;1.25
"327";-47.4166666666667;1.41666666666667
"328";-48.0416666666667;5.33333333333334
"329";-50.4583333333333;3
"330";-49.875;5.25000000000001
"331";-46.9166666666667;3.125
"332";-48.625;1.95833333333334
"333";-49.5833333333333;4
"334";-48.4583333333333;0.708333333333336
"335";-47.6666666666667;4.12500000000001
"336";-47.2916666666667;0.166666666666669
"337";-46.25;1.45833333333334
"338";-49;5.95833333333334
"339";-49.625;2.33333333333334
"340";-48.6666666666667;4.50000000000001
"341";-49.25;0.0416666666666683
"342";-47.7083333333333;2.45833333333334
"343";-50.5833333333333;4.25000000000001
"344";-50.0833333333333;6.25000000000001
"345";-50.875;5.33333333333334
"346";-46.7916666666667;2.20833333333334
"347";-49.4166666666667;3.16666666666667
"348";-46.7916666666667;0.833333333333336
"349";-47.7083333333333;3.29166666666667
"350";-51;3.58333333333334
"351";-49.0833333333333;5.16666666666667
"352";-49.9583333333333;0.541666666666669
"353";-48.9583333333333;1.29166666666667
"354";-48.1666666666667;1.375
"355";-48.9166666666667;2.625
"356";-47.7083333333333;0.750000000000002
"357";-50.375;2.29166666666667
"358";-48.0833333333333;0.125000000000002
"359";-46.1666666666667;2.54166666666667
"360";-48.9166666666667;3.83333333333334
"361";-48.5416666666667;3.25
"362";-49.375;7.04166666666667
"363";-48.2916666666667;-0.541666666666665
"364";-51.5833333333333;4.54166666666667
"365";-45.5;2.375
"366";-49.7083333333333;1.25
"367";-47.4166666666667;1.41666666666667
"368";-48.0416666666667;5.33333333333334
"369";-50.4583333333333;3
"370";-49.875;5.25000000000001
"371";-46.9166666666667;3.125
"372";-48.625;1.95833333333334
"373";-49.5833333333333;4
"374";-48.4583333333333;0.708333333333336
"375";-47.6666666666667;4.12500000000001
"376";-47.2916666666667;0.166666666666669
"377";-46.25;1.45833333333334
"378";-49;5.95833333333334
"379";-49.625;2.33333333333334
"380";-48.6666666666667;4.50000000000001
"381";-49.25;0.0416666666666683
"382";-47.7083333333333;2.45833333333334
"383";-50.5833333333333;4.25000000000001
"384";-50.0833333333333;6.25000000000001
"385";-50.875;5.33333333333334
"386";-46.7916666666667;2.20833333333334
"387";-49.4166666666667;3.16666666666667
"388";-46.7916666666667;0.833333333333336
"389";-47.7083333333333;3.29166666666667
"390";-51;3.58333333333334
"391";-49.0833333333333;5.16666666666667
"392";-49.9583333333333;0.541666666666669
"393";-48.9583333333333;1.29166666666667
"394";-48.1666666666667;1.375
"395";-48.9166666666667;2.625
"396";-47.7083333333333;0.750000000000002
"397";-50.375;2.29166666666667
"398";-48.0833333333333;0.125000000000002
"399";-46.1666666666667;2.54166666666667
"400";-48.9166666666667;3.83333333333334
"401";-48.5416666666667;3.25
"402";-49.375;7.04166666666667
"403";-48.2916666666667;-0.541666666666665
"404";-51.5833333333333;4.54166666666667
"405";-45.5;2.375
"406";-49.7083333333333;1.25
"407";-47.4166666666667;1.41666666666667
"408";-48.0416666666667;5.33333333333334
"409";-50.4583333333333;3
"410";-49.875;5.25000000000001
"411";-46.9166666666667;3.125
"412";-48.625;1.95833333333334
"413";-49.5833333333333;4
"414";-48.4583333333333;0.708333333333336
"415";-47.6666666666667;4.12500000000001
"416";-47.2916666666667;0.166666666666669
"417";-46.25;1.45833333333334
"418";-49;5.95833333333334
"419";-49.625;2.33333333333334
"420";-48.6666666666667;4.50000000000001
"421";-49.25;0.0416666666666683
"422";-47.7083333333333;2.45833333333334
"423";-50.5833333333333;4.25000000000001
"424";-50.0833333333333;6.25000000000001
"425";-50.875;5.33333333333334
"426";-46.7916666666667;2.20833333333334
"427";-49.4166666666667;3.16666666666667
"428";-46.7916666666667;0.833333333333336
"429";-47.7083333333333;3.29166666666667
"430";-51;3.58333333333334
"431";-49.0833333333333;5.16666666666667
"432";-49.9583333333333;0.541666666666669
"433";-48.9583333333333;1.29166666666667
"434";-48.1666666666667;1.375
"435";-48.9166666666667;2.625
"436";-47.7083333333333;0.750000000000002
"437";-50.375;2.29166666666667
"438";-48.0833333333333;0.125000000000002
"439";-46.1666666666667;2.54166666666667
"440";-48.9166666666667;3.83333333333334
"441";-48.5416666666667;3.25
"442";-49.375;7.04166666666667
"443";-48.2916666666667;-0.541666666666665
"444";-51.5833333333333;4.54166666666667
"445";-45.5;2.375
"446";-49.7083333333333;1.25
"447";-47.4166666666667;1.41666666666667
"448";-48.0416666666667;5.33333333333334
"449";-50.4583333333333;3
"450";-49.875;5.25000000000001
"451";-46.9166666666667;3.125
"452";-48.625;1.95833333333334
"453";-49.5833333333333;4
"454";-48.4583333333333;0.708333333333336
"455";-47.6666666666667;4.12500000000001
"456";-47.2916666666667;0.166666666666669
"457";-46.25;1.45833333333334
"458";-49;5.95833333333334
"459";-49.625;2.33333333333334
"460";-48.6666666666667;4.50000000000001
"461";-49.25;0.0416666666666683
"462";-47.7083333333333;2.45833333333334
"463";-50.5833333333333;4.25000000000001
"464";-50.0833333333333;6.25000000000001
"465";-50.875;5.33333333333334
"466";-46.7916666666667;2.20833333333334
"467";-49.4166666666667;3.16666666666667
"468";-46.7916666666667;0.833333333333336
"469";-47.7083333333333;3.29166666666667
"470";-51;3.58333333333334
"471";-49.0833333333333;5.16666666666667
"472";-49.9583333333333;0.541666666666669
"473";-48.9583333333333;1.29166666666667
"474";-48.1666666666667;1.375
"475";-48.9166666666667;2.625
"476";-47.7083333333333;0.750000000000002
"477";-50.375;2.29166666666667
"478";-48.0833333333333;0.125000000000002
"479";-46.1666666666667;2.54166666666667
"480";-48.9166666666667;3.83333333333334
"481";-48.5416666666667;3.25
"482";-49.375;7.04166666666667
"483";-48.2916666666667;-0.541666666666665
"484";-51.5833333333333;4.54166666666667
"485";-45.5;2.375
"486";-49.7083333333333;1.25
"487";-47.4166666666667;1.41666666666667
"488";-48.0416666666667;5.33333333333334
"489";-50.4583333333333;3
"490";-49.875;5.25000000000001
"491";-46.9166666666667;3.125
"492";-48.625;1.95833333333334
"493";-49.5833333333333;4
"494";-48.4583333333333;0.708333333333336
"495";-47.6666666666667;4.12500000000001
"496";-47.2916666666667;0.166666666666669
"497";-46.25;1.45833333333334
"498";-49;5.95833333333334
"499";-49.625;2.33333333333334
"500";-48.6666666666667;4.50000000000001
"501";-49.25;0.0416666666666683
"502";-47.7083333333333;2.45833333333334
"503";-50.5833333333333;4.25000000000001
"504";-50.0833333333333;6.25000000000001
"505";-50.875;5.33333333333334
"506";-46.7916666666667;2.20833333333334
"507";-49.4166666666667;3.16666666666667
"508";-46.7916666666667;0.833333333333336
"509";-47.7083333333333;3.29166666666667
"510";-51;3.58333333333334
"511";-49.0833333333333;5.16666666666667
"512";-49.9583333333333;0.541666666666669
"513";-48.9583333333333;1.29166666666667
"514";-48.1666666666667;1.375
"515";-48.9166666666667;2.625
"516";-47.7083333333333;0.750000000000002
"517";-50.375;2.29166666666667
"518";-48.0833333333333;0.125000000000002
"519";-46.1666666666667;2.54166666666667
"520";-48.9166666666667;3.83333333333334
"521";-48.5416666666667;3.25
"522";-49.375;7.04166666666667
"523";-48.2916666666667;-0.541666666666665
"524";-51.5833333333333;4.54166666666667
"525";-45.5;2.375
"526";-49.7083333333333;1.25
"527";-47.4166666666667;1.41666666666667
"528";-48.0416666666667;5.33333333333334
"529";-50.4583333333333;3
"530";-49.875;5.25000000000001
"531";-46.9166666666667;3.125
"532";-48.625;1.95833333333334
"533";-49.5833333333333;4
"534";-48.4583333333333;0.708333333333336
"535";-47.6666666666667;4.12500000000001
"536";-47.2916666666667;0.166666666666669
"537";-46.25;1.45833333333334
"538";-49;5.95833333333334
"539";-49.625;2.33333333333334
"540";-48.6666666666667;4.50000000000001
"541";-49.25;0.0416666666666683
"542";-47.7083333333333;2.45833333333334
"543";-50.5833333333333;4.25000000000001
"544";-50.0833333333333;6.25000000000001
"545";-50.875;5.33333333333334
"546";-46.7916666666667;2.20833333333334
"547";-49.4166666666667;3.16666666666667
"548";-46.7916666666667;0.833333333333336
"549";-47.7083333333333;3.29166666666667
"550";-51;3.58333333333334
"551";-49.0833333333333;5.16666666666667
"552";-49.9583333333333;0.541666666666669
"553";-48.9583333333333;1.29166666666667
"554";-48.1666666666667;1.375
"555";-48.9166666666667;2.625
"556";-47.7083333333333;0.750000000000002
"557";-50.375;2.29166666666667
"558";-48.0833333333333;0.125000000000002
"559";-46.1666666666667;2.54166666666667
"560";-48.9166666666667;3.83333333333334
"561";-48.5416666666667;3.25
"562";-49.375;7.04166666666667
"563";-48.2916666666667;-0.541666666666665
"564";-51.5833333333333;4.54166666666667
"565";-45.5;2.375
"566";-49.7083333333333;1.25
"567";-47.4166666666667;1.41666666666667
"568";-48.0416666666667;5.33333333333334
"569";-50.4583333333333;3
"570";-49.875;5.25000000000001
"571";-46.9166666666667;3.125
"572";-48.625;1.95833333333334
"573";-49.5833333333333;4
"574";-48.4583333333333;0.708333333333336
"575";-47.6666666666667;4.12500000000001
"576";-47.2916666666667;0.166666666666669
"577";-46.25;1.45833333333334
"578";-49;5.95833333333334
"579";-49.625;2.33333333333334
"580";-48.6666666666667;4.50000000000001
"581";-49.25;0.0416666666666683
"582";-47.7083333333333;2.45833333333334
"583";-50.5833333333333;4.25000000000001
"584";-50.0833333333333;6.25000000000001
"585";-50.875;5.33333333333334
"586";-46.7916666666667;2.20833333333334
"587";-49.4166666666667;3.16666666666667
"588";-46.7916666666667;0.833333333333336
"589";-47.7083333333333;3.29166666666667
"590";-51;3.58333333333334
"591";-49.0833333333333;5.16666666666667
"592";-49.9583333333333;0.541666666666669
"593";-48.9583333333333;1.29166666666667
"594";-48.1666666666667;1.375
"595";-48.9166666666667;2.625
"596";-47.7083333333333;0.750000000000002
"597";-50.375;2.29166666666667
"598";-48.0833333333333;0.125000000000002
"599";-46.1666666666667;2.54166666666667
"600";-48.9166666666667;3.83333333333334
"601";-48.5416666666667;3.25
"602";-49.375;7.04166666666667
"603";-48.2916666666667;-0.541666666666665
"604";-51.5833333333333;4.54166666666667
"605";-45.5;2.375
"606";-49.7083333333333;1.25
"607";-47.4166666666667;1.41666666666667
"608";-48.0416666666667;5.33333333333334
"609";-50.4583333333333;3
"610";-49.875;5.25000000000001
"611";-46.9166666666667;3.125
"612";-48.625;1.95833333333334
"613";-49.5833333333333;4
"614";-48.4583333333333;0.708333333333336
"615";-47.6666666666667;4.12500000000001
"616";-47.2916666666667;0.166666666666669
"617";-46.25;1.45833333333334
"618";-49;5.95833333333334
"619";-49.625;2.33333333333334
"620";-48.6666666666667;4.50000000000001
"621";-49.25;0.0416666666666683
"622";-47.7083333333333;2.45833333333334
"623";-50.5833333333333;4.25000000000001
"624";-50.0833333333333;6.25000000000001
"625";-50.875;5.33333333333334
"626";-46.7916666666667;2.20833333333334
"627";-49.4166666666667;3.16666666666667
"628";-46.7916666666667;0.833333333333336
"629";-47.7083333333333;3.29166666666667
"630";-51;3.58333333333334
"631";-49.0833333333333;5.16666666666667
"632";-49.9583333333333;0.541666666666669
"633";-48.9583333333333;1.29166666666667
"634";-48.1666666666667;1.375
"635";-48.9166666666667;2.625
"636";-47.7083333333333;0.750000000000002
"637";-50.375;2.29166666666667
"638";-48.0833333333333;0.125000000000002
"639";-46.1666666666667;2.54166666666667
"640";-48.9166666666667;3.83333333333334
"641";-48.5416666666667;3.25
"642";-49.375;7.04166666666667
"643";-48.2916666666667;-0.541666666666665
"644";-51.5833333333333;4.54166666666667
"645";-45.5;2.375
"646";-49.7083333333333;1.25
"647";-47.4166666666667;1.41666666666667
"648";-48.0416666666667;5.33333333333334
"649";-50.4583333333333;3
"650";-49.875;5.25000000000001
"651";-46.9166666666667;3.125
"652";-48.625;1.95833333333334
"653";-49.5833333333333;4
"654";-48.4583333333333;0.708333333333336
"655";-47.6666666666667;4.12500000000001
"656";-47.2916666666667;0.166666666666669
"657";-46.25;1.45833333333334
"658";-49;5.95833333333334
"659";-49.625;2.33333333333334
"660";-48.6666666666667;4.50000000000001
"661";-49.25;0.0416666666666683
"662";-47.7083333333333;2.45833333333334
"663";-50.5833333333333;4.25000000000001
"664";-50.0833333333333;6.25000000000001
"665";-50.875;5.33333333333334
"666";-46.7916666666667;2.20833333333334
"667";-49.4166666666667;3.16666666666667
"668";-46.7916666666667;0.833333333333336
"669";-47.7083333333333;3.29166666666667
"670";-51;3.58333333333334
"671";-49.0833333333333;5.16666666666667
"672";-49.9583333333333;0.541666666666669
"673";-48.9583333333333;1.29166666666667
"674";-48.1666666666667;1.375
"675";-48.9166666666667;2.625
"676";-47.7083333333333;0.750000000000002
"677";-50.375;2.29166666666667
"678";-48.0833333333333;0.125000000000002
"679";-46.1666666666667;2.54166666666667
"680";-48.9166666666667;3.83333333333334
"681";-48.5416666666667;3.25
"682";-49.375;7.04166666666667
"683";-48.2916666666667;-0.541666666666665
"684";-51.5833333333333;4.54166666666667
"685";-45.5;2.375
"686";-49.7083333333333;1.25
"687";-47.4166666666667;1.41666666666667
"688";-48.0416666666667;5.33333333333334
"689";-50.4583333333333;3
"690";-49.875;5.25000000000001
"691";-46.9166666666667;3.125
"692";-48.625;1.95833333333334
"693";-49.5833333333333;4
"694";-48.4583333333333;0.708333333333336
"695";-47.6666666666667;4.12500000000001
"696";-47.2916666666667;0.166666666666669
"697";-46.25;1.45833333333334
"698";-49;5.95833333333334
"699";-49.625;2.33333333333334
"700";-48.6666666666667;4.50000000000001
"701";-49.25;0.0416666666666683
"702";-47.7083333333333;2.45833333333334
"703";-50.5833333333333;4.25000000000001
"704";-50.0833333333333;6.25000000000001
"705";-50.875;5.33333333333334
"706";-46.7916666666667;2.20833333333334
"707";-49.4166666666667;3.16666666666667
"708";-46.7916666666667;0.833333333333336
"709";-47.7083333333333;3.29166666666667
"710";-51;3.58333333333334
"711";-49.0833333333333;5.16666666666667
"712";-49.9583333333333;0.541666666666669
"713";-48.9583333333333;1.29166666666667
"714";-48.1666666666667;1.375
"715";-48.9166666666667;2.625
"716";-47.7083333333333;0.750000000000002
"717";-50.375;2.29166666666667
"718";-48.0833333333333;0.125000000000002
"719";-46.1666666666667;2.54166666666667
"720";-48.9166666666667;3.83333333333334
"721";-48.5416666666667;3.25
"722";-49.375;7.04166666666667
"723";-48.2916666666667;-0.541666666666665
"724";-51.5833333333333;4.54166666666667
"725";-45.5;2.375
"726";-49.7083333333333;1.25
"727";-47.4166666666667;1.41666666666667
"728";-48.0416666666667;5.33333333333334
"729";-50.4583333333333;3
"730";-49.875;5.25000000000001
"731";-46.9166666666667;3.125
"732";-48.625;1.95833333333334
"733";-49.5833333333333;4
"734";-48.4583333333333;0.708333333333336
"735";-47.6666666666667;4.12500000000001
"736";-47.2916666666667;0.166666666666669
"737";-46.25;1.45833333333334
"738";-49;5.95833333333334
"739";-49.625;2.33333333333334
"740";-48.6666666666667;4.50000000000001
"741";-49.25;0.0416666666666683
"742";-47.7083333333333;2.45833333333334
"743";-50.5833333333333;4.25000000000001
"744";-50.0833333333333;6.25000000000001
"745";-50.875;5.33333333333334
"746";-46.7916666666667;2.20833333333334
"747";-49.4166666666667;3.16666666666667
"748";-46.7916666666667;0.833333333333336
"749";-47.7083333333333;3.29166666666667
"750";-51;3.58333333333334
"751";-49.0833333333333;5.16666666666667
"752";-49.9583333333333;0.541666666666669
"753";-48.9583333333333;1.29166666666667
"754";-48.1666666666667;1.375
"755";-48.9166666666667;2.625
"756";-47.7083333333333;0.750000000000002
"757";-50.375;2.29166666666667
"758";-48.0833333333333;0.125000000000002
"759";-46.1666666666667;2.54166666666667
"760";-48.9166666666667;3.83333333333334
"761";-48.5416666666667;3.25
"762";-49.375;7.04166666666667
"763";-48.2916666666667;-0.541666666666665
"764";-51.5833333333333;4.54166666666667
"765";-45.5;2.375
"766";-49.7083333333333;1.25
"767";-47.4166666666667;1.41666666666667
"768";-48.0416666666667;5.33333333333334
"769";-50.4583333333333;3
"770";-49.875;5.25000000000001
"771";-46.9166666666667;3.125
"772";-48.625;1.95833333333334
"773";-49.5833333333333;4
"774";-48.4583333333333;0.708333333333336
"775";-47.6666666666667;4.12500000000001
"776";-47.2916666666667;0.166666666666669
"777";-46.25;1.45833333333334
"778";-49;5.95833333333334
"779";-49.625;2.33333333333334
"780";-48.6666666666667;4.50000000000001
"781";-49.25;0.0416666666666683
"782";-47.7083333333333;2.45833333333334
"783";-50.5833333333333;4.25000000000001
"784";-50.0833333333333;6.25000000000001
"785";-50.875;5.33333333333334
"786";-46.7916666666667;2.20833333333334
"787";-49.4166666666667;3.16666666666667
"788";-46.7916666666667;0.833333333333336
"789";-47.7083333333333;3.29166666666667
"790";-51;3.58333333333334
"791";-49.0833333333333;5.16666666666667
"792";-49.9583333333333;0.541666666666669
"793";-48.9583333333333;1.29166666666667
"794";-48.1666666666667;1.375
"795";-48.9166666666667;2.625
"796";-47.7083333333333;0.750000000000002
"797";-50.375;2.29166666666667
"798";-48.0833333333333;0.125000000000002
"799";-46.1666666666667;2.54166666666667
"800";-48.9166666666667;3.83333333333334
"801";-48.5416666666667;3.25
"802";-49.375;7.04166666666667
"803";-48.2916666666667;-0.541666666666665
"804";-51.5833333333333;4.54166666666667
"805";-45.5;2.375
"806";-49.7083333333333;1.25
"807";-47.4166666666667;1.41666666666667
"808";-48.0416666666667;5.33333333333334
"809";-50.4583333333333;3
"810";-49.875;5.25000000000001
"811";-46.9166666666667;3.125
"812";-48.625;1.95833333333334
"813";-49.5833333333333;4
"814";-48.4583333333333;0.708333333333336
"815";-47.6666666666667;4.12500000000001
"816";-47.2916666666667;0.166666666666669
"817";-46.25;1.45833333333334
"818";-49;5.95833333333334
"819";-49.625;2.33333333333334
"820";-48.6666666666667;4.50000000000001
"821";-49.25;0.0416666666666683
"822";-47.7083333333333;2.45833333333334
"823";-50.5833333333333;4.25000000000001
"824";-50.0833333333333;6.25000000000001
"825";-50.875;5.33333333333334
"826";-46.7916666666667;2.20833333333334
"827";-49.4166666666667;3.16666666666667
"828";-46.7916666666667;0.833333333333336
"829";-47.7083333333333;3.29166666666667
"830";-51;3.58333333333334
"831";-49.0833333333333;5.16666666666667
"832";-49.9583333333333;0.541666666666669
"833";-48.9583333333333;1.29166666666667
"834";-48.1666666666667;1.375
"835";-48.9166666666667;2.625
"836";-47.7083333333333;0.750000000000002
"837";-50.375;2.29166666666667
"838";-48.0833333333333;0.125000000000002
"839";-46.1666666666667;2.54166666666667
"840";-48.9166666666667;3.83333333333334
"841";-48.5416666666667;3.25
"842";-49.375;7.04166666666667
"843";-48.2916666666667;-0.541666666666665
"844";-51.5833333333333;4.54166666666667
"845";-45.5;2.375
"846";-49.7083333333333;1.25
"847";-47.4166666666667;1.41666666666667
"848";-48.0416666666667;5.33333333333334
"849";-50.4583333333333;3
"850";-49.875;5.25000000000001
"851";-46.9166666666667;3.125
"852";-48.625;1.95833333333334
"853";-49.5833333333333;4
"854";-48.4583333333333;0.708333333333336
"855";-47.6666666666667;4.12500000000001
"856";-47.2916666666667;0.166666666666669
"857";-46.25;1.45833333333334
"858";-49;5.95833333333334
"859";-49.625;2.33333333333334
"860";-48.6666666666667;4.50000000000001
"861";-49.25;0.0416666666666683
"862";-47.7083333333333;2.45833333333334
"863";-50.5833333333333;4.25000000000001
"864";-50.0833333333333;6.25000000000001
"865";-50.875;5.33333333333334
"866";-46.7916666666667;2.20833333333334
"867";-49.4166666666667;3.16666666666667
"868";-46.7916666666667;0.833333333333336
"869";-47.7083333333333;3.29166666666667
"870";-51;3.58333333333334
"871";-49.0833333333333;5.16666666666667
"872";-49.9583333333333;0.541666666666669
"873";-48.9583333333333;1.29166666666667
"874";-48.1666666666667;1.375
"875";-48.9166666666667;2.625
"876";-47.7083333333333;0.750000000000002
"877";-50.375;2.29166666666667
"878";-48.0833333333333;0.125000000000002
"879";-46.1666666666667;2.54166666666667
"880";-48.9166666666667;3.83333333333334
"881";-48.5416666666667;3.25
"882";-49.375;7.04166666666667
"883";-48.2916666666667;-0.541666666666665
"884";-51.5833333333333;4.54166666666667
"885";-45.5;2.375
"886";-49.7083333333333;1.25
"887";-47.4166666666667;1.41666666666667
"888";-48.0416666666667;5.33333333333334
"889";-50.4583333333333;3
"890";-49.875;5.25000000000001
"891";-46.9166666666667;3.125
"892";-48.625;1.95833333333334
"893";-49.5833333333333;4
"894";-48.4583333333333;0.708333333333336
"895";-47.6666666666667;4.12500000000001
"896";-47.2916666666667;0.166666666666669
"897";-46.25;1.45833333333334
"898";-49;5.95833333333334
"899";-49.625;2.33333333333334
"900";-48.6666666666667;4.50000000000001
"901";-49.25;0.0416666666666683
"902";-47.7083333333333;2.45833333333334
"903";-50.5833333333333;4.25000000000001
"904";-50.0833333333333;6.25000000000001
"905";-50.875;5.33333333333334
"906";-46.7916666666667;2.20833333333334
"907";-49.4166666666667;3.16666666666667
"908";-46.7916666666667;0.833333333333336
"909";-47.7083333333333;3.29166666666667
"910";-51;3.58333333333334
"911";-49.0833333333333;5.16666666666667
"912";-49.9583333333333;0.541666666666669
"913";-48.9583333333333;1.29166666666667
"914";-48.1666666666667;1.375
"915";-48.9166666666667;2.625
"916";-47.7083333333333;0.750000000000002
"917";-50.375;2.29166666666667
"918";-48.0833333333333;0.125000000000002
"919";-46.1666666666667;2.54166666666667
"920";-48.9166666666667;3.83333333333334
"921";-48.5416666666667;3.25
"922";-49.375;7.04166666666667
"923";-48.2916666666667;-0.541666666666665
"924";-51.5833333333333;4.54166666666667
"925";-45.5;2.375
"926";-49.7083333333333;1.25
"927";-47.4166666666667;1.41666666666667
"928";-48.0416666666667;5.33333333333334
"929";-50.4583333333333;3
"930";-49.875;5.25000000000001
"931";-46.9166666666667;3.125
"932";-48.625;1.95833333333334
"933";-49.5833333333333;4
"934";-48.4583333333333;0.708333333333336
"935";-47.6666666666667;4.12500000000001
"936";-47.2916666666667;0.166666666666669
"937";-46.25;1.45833333333334
"938";-49;5.95833333333334
"939";-49.625;2.33333333333334
"940";-48.6666666666667;4.50000000000001
"941";-49.25;0.0416666666666683
"942";-47.7083333333333;2.45833333333334
"943";-50.5833333333333;4.25000000000001
"944";-50.0833333333333;6.25000000000001
"945";-50.875;5.33333333333334
"946";-46.7916666666667;2.20833333333334
"947";-49.4166666666667;3.16666666666667
"948";-46.7916666666667;0.833333333333336
"949";-47.7083333333333;3.29166666666667
"950";-51;3.58333333333334
"951";-49.0833333333333;5.16666666666667
"952";-49.9583333333333;0.541666666666669
"953";-48.9583333333333;1.29166666666667
"954";-48.1666666666667;1.375
"955";-48.9166666666667;2.625
"956";-47.7083333333333;0.750000000000002
"957";-50.375;2.29166666666667
"958";-48.0833333333333;0.125000000000002
"959";-46.1666666666667;2.54166666666667
"960";-48.9166666666667;3.83333333333334
"961";-48.5416666666667;3.25
"962";-49.375;7.04166666666667
"963";-48.2916666666667;-0.541666666666665
"964";-51.5833333333333;4.54166666666667
"965";-45.5;2.375
"966";-49.7083333333333;1.25
"967";-47.4166666666667;1.41666666666667
"968";-48.0416666666667;5.33333333333334
"969";-50.4583333333333;3
"970";-49.875;5.25000000000001
"971";-46.9166666666667;3.125
"972";-48.625;1.95833333333334
"973";-49.5833333333333;4
"974";-48.4583333333333;0.708333333333336
"975";-47.6666666666667;4.12500000000001
"976";-47.2916666666667;0.166666666666669
"977";-46.25;1.45833333333334
"978";-49;5.95833333333334
"979";-49.625;2.33333333333334
"980";-48.6666666666667;4.50000000000001
"981";-49.25;0.0416666666666683
"982";-47.7083333333333;2.45833333333334
"983";-50.5833333333333;4.25000000000001
"984";-50.0833333333333;6.25000000000001
"985";-50.875;5.33333333333334
"986";-46.7916666666667;2.20833333333334
"987";-49.4166666666667;3.16666666666667
"988";-46.7916666666667;0.833333333333336
"989";-47.7083333333333;3.29166666666667
"990";-51;3.58333333333334
"991";-49.0833333333333;5.16666666666667
"992";-49.9583333333333;0.541666666666669
"993";-48.9583333333333;1.29166666666667
"994";-48.1666666666667;1.375
"995";-48.9166666666667;2.625
"996";-47.7083333333333;0.750000000000002
"997";-50.375;2.29166666666667
"998";-48.0833333333333;0.125000000000002
"999";-46.1666666666667;2.54166666666667
"1000";-48.9166666666667;3.83333333333334
"1001";-48.5416666666667;3.25
"1002";-49.375;7.04166666666667
"1003";-48.2916666666667;-0.541666666666665
"1004";-51.5833333333333;4.54166666666667
"1005";-45.5;2.375
"1006";-49.7083333333333;1.25
"1007";-47.4166666666667;1.41666666666667
"1008";-48.0416666666667;5.33333333333334
"1009";-50.4583333333333;3
"1010";-49.875;5.25000000000001
"1011";-46.9166666666667;3.125
"1012";-48.625;1.95833333333334
"1013";-49.5833333333333;4
"1014";-48.4583333333333;0.708333333333336
"1015";-47.6666666666667;4.12500000000001
"1016";-47.2916666666667;0.166666666666669
"1017";-46.25;1.45833333333334
"1018";-49;5.95833333333334
"1019";-49.625;2.33333333333334
"1020";-48.6666666666667;4.50000000000001
"1021";-49.25;0.0416666666666683
"1022";-47.7083333333333;2.45833333333334
"1023";-50.5833333333333;4.25000000000001
"1024";-50.0833333333333;6.25000000000001
"1025";-50.875;5.33333333333334
"1026";-46.7916666666667;2.20833333333334
"1027";-49.4166666666667;3.16666666666667
"1028";-46.7916666666667;0.833333333333336
"1029";-47.7083333333333;3.29166666666667
"1030";-51;3.58333333333334
"1031";-49.0833333333333;5.16666666666667
"1032";-49.9583333333333;0.541666666666669
"1033";-48.9583333333333;1.29166666666667
"1034";-48.1666666666667;1.375
"1035";-48.9166666666667;2.625
"1036";-47.7083333333333;0.750000000000002
"1037";-50.375;2.29166666666667
"1038";-48.0833333333333;0.125000000000002
"1039";-46.1666666666667;2.54166666666667
"1040";-48.9166666666667;3.83333333333334
"1041";-48.5416666666667;3.25
"1042";-49.375;7.04166666666667
"1043";-48.2916666666667;-0.541666666666665
"1044";-51.5833333333333;4.54166666666667
"1045";-45.5;2.375
"1046";-49.7083333333333;1.25
"1047";-47.4166666666667;1.41666666666667
"1048";-48.0416666666667;5.33333333333334
"1049";-50.4583333333333;3
"1050";-49.875;5.25000000000001
"1051";-46.9166666666667;3.125
"1052";-48.625;1.95833333333334
"1053";-49.5833333333333;4
"1054";-48.4583333333333;0.708333333333336
"1055";-47.6666666666667;4.12500000000001
"1056";-47.2916666666667;0.166666666666669
"1057";-46.25;1.45833333333334
"1058";-49;5.95833333333334
"1059";-49.625;2.33333333333334
"1060";-48.6666666666667;4.50000000000001
"1061";-49.25;0.0416666666666683
"1062";-47.7083333333333;2.45833333333334
"1063";-50.5833333333333;4.25000000000001
"1064";-50.0833333333333;6.25000000000001
"1065";-50.875;5.33333333333334
"1066";-46.7916666666667;2.20833333333334
"1067";-49.4166666666667;3.16666666666667
"1068";-46.7916666666667;0.833333333333336
"1069";-47.7083333333333;3.29166666666667
"1070";-51;3.58333333333334
"1071";-49.0833333333333;5.16666666666667
"1072";-49.9583333333333;0.541666666666669
"1073";-48.9583333333333;1.29166666666667
"1074";-48.1666666666667;1.375
"1075";-48.9166666666667;2.625
"1076";-47.7083333333333;0.750000000000002
"1077";-50.375;2.29166666666667
"1078";-48.0833333333333;0.125000000000002
"1079";-46.1666666666667;2.54166666666667
"1080";-48.9166666666667;3.83333333333334
"1081";-48.5416666666667;3.25
"1082";-49.375;7.04166666666667
"1083";-48.2916666666667;-0.541666666666665
"1084";-51.5833333333333;4.54166666666667
"1085";-45.5;2.375
"1086";-49.7083333333333;1.25
"1087";-47.4166666666667;1.41666666666667
"1088";-48.0416666666667;5.33333333333334
"1089";-50.4583333333333;3
"1090";-49.875;5.25000000000001
"1091";-46.9166666666667;3.125
"1092";-48.625;1.95833333333334
"1093";-49.5833333333333;4
"1094";-48.4583333333333;0.708333333333336
"1095";-47.6666666666667;4.12500000000001
"1096";-47.2916666666667;0.166666666666669
"1097";-46.25;1.45833333333334
"1098";-49;5.95833333333334
"1099";-49.625;2.33333333333334
"1100";-48.6666666666667;4.50000000000001
"1101";-49.25;0.0416666666666683
"1102";-47.7083333333333;2.45833333333334
"1103";-50.5833333333333;4.25000000000001
"1104";-50.0833333333333;6.25000000000001
"1105";-50.875;5.33333333333334
"1106";-46.7916666666667;2.20833333333334
"1107";-49.4166666666667;3.16666666666667
"1108";-46.7916666666667;0.833333333333336
"1109";-47.7083333333333;3.29166666666667
"1110";-51;3.58333333333334
"1111";-49.0833333333333;5.16666666666667
"1112";-49.9583333333333;0.541666666666669
"1113";-48.9583333333333;1.29166666666667
"1114";-48.1666666666667;1.375
"1115";-48.9166666666667;2.625
"1116";-47.7083333333333;0.750000000000002
"1117";-50.375;2.29166666666667
"1118";-48.0833333333333;0.125000000000002
"1119";-46.1666666666667;2.54166666666667
"1120";-48.9166666666667;3.83333333333334
"1121";-48.5416666666667;3.25
"1122";-49.375;7.04166666666667
"1123";-48.2916666666667;-0.541666666666665
"1124";-51.5833333333333;4.54166666666667
"1125";-45.5;2.375
"1126";-49.7083333333333;1.25
"1127";-47.4166666666667;1.41666666666667
"1128";-48.0416666666667;5.33333333333334
"1129";-50.4583333333333;3
"1130";-49.875;5.25000000000001
"1131";-46.9166666666667;3.125
"1132";-48.625;1.95833333333334
"1133";-49.5833333333333;4
"1134";-48.4583333333333;0.708333333333336
"1135";-47.6666666666667;4.12500000000001
"1136";-47.2916666666667;0.166666666666669
"1137";-46.25;1.45833333333334
"1138";-49;5.95833333333334
"1139";-49.625;2.33333333333334
"1140";-48.6666666666667;4.50000000000001
"1141";-49.25;0.0416666666666683
"1142";-47.7083333333333;2.45833333333334
"1143";-50.5833333333333;4.25000000000001
"1144";-50.0833333333333;6.25000000000001
"1145";-50.875;5.33333333333334
"1146";-46.7916666666667;2.20833333333334
"1147";-49.4166666666667;3.16666666666667
"1148";-46.7916666666667;0.833333333333336
"1149";-47.7083333333333;3.29166666666667
"1150";-51;3.58333333333334
"1151";-49.0833333333333;5.16666666666667
"1152";-49.9583333333333;0.541666666666669
"1153";-48.9583333333333;1.29166666666667
"1154";-48.1666666666667;1.375
"1155";-48.9166666666667;2.625
"1156";-47.7083333333333;0.750000000000002
"1157";-50.375;2.29166666666667
"1158";-48.0833333333333;0.125000000000002
"1159";-46.1666666666667;2.54166666666667
"1160";-48.9166666666667;3.83333333333334
"1161";-48.5416666666667;3.25
"1162";-49.375;7.04166666666667
"1163";-48.2916666666667;-0.541666666666665
"1164";-51.5833333333333;4.54166666666667
"1165";-45.5;2.375
"1166";-49.7083333333333;1.25
"1167";-47.4166666666667;1.41666666666667
"1168";-48.0416666666667;5.33333333333334
"1169";-50.4583333333333;3
"1170";-49.875;5.25000000000001
"1171";-46.9166666666667;3.125
"1172";-48.625;1.95833333333334
"1173";-49.5833333333333;4
"1174";-48.4583333333333;0.708333333333336
"1175";-47.6666666666667;4.12500000000001
"1176";-47.2916666666667;0.166666666666669
"1177";-46.25;1.45833333333334
"1178";-49;5.95833333333334
"1179";-49.625;2.33333333333334
"1180";-48.6666666666667;4.50000000000001
"1181";-49.25;0.0416666666666683
"1182";-47.7083333333333;2.45833333333334
"1183";-50.5833333333333;4.25000000000001
"1184";-50.0833333333333;6.25000000000001
"1185";-50.875;5.33333333333334
"1186";-46.7916666666667;2.20833333333334
"1187";-49.4166666666667;3.16666666666667
"1188";-46.7916666666667;0.833333333333336
"1189";-47.7083333333333;3.29166666666667
"1190";-51;3.58333333333334
"1191";-49.0833333333333;5.16666666666667
"1192";-49.9583333333333;0.541666666666669
"1193";-48.9583333333333;1.29166666666667
"1194";-48.1666666666667;1.375
"1195";-48.9166666666667;2.625
"1196";-47.7083333333333;0.750000000000002
"1197";-50.375;2.29166666666667
"1198";-48.0833333333333;0.125000000000002
"1199";-46.1666666666667;2.54166666666667
"1200";-48.9166666666667;3.83333333333334
"1201";-48.5416666666667;3.25
"1202";-49.375;7.04166666666667
"1203";-48.2916666666667;-0.541666666666665
"1204";-51.5833333333333;4.54166666666667
"1205";-45.5;2.375
"1206";-49.7083333333333;1.25
"1207";-47.4166666666667;1.41666666666667
"1208";-48.0416666666667;5.33333333333334
"1209";-50.4583333333333;3
"1210";-49.875;5.25000000000001
"1211";-46.9166666666667;3.125
"1212";-48.625;1.95833333333334
"1213";-49.5833333333333;4
"1214";-48.4583333333333;0.708333333333336
"1215";-47.6666666666667;4.12500000000001
"1216";-47.2916666666667;0.166666666666669
"1217";-46.25;1.45833333333334
"1218";-49;5.95833333333334
"1219";-49.625;2.33333333333334
"1220";-48.6666666666667;4.50000000000001
"1221";-49.25;0.0416666666666683
"1222";-47.7083333333333;2.45833333333334
"1223";-50.5833333333333;4.25000000000001
"1224";-50.0833333333333;6.25000000000001
"1225";-50.875;5.33333333333334
"1226";-46.7916666666667;2.20833333333334
"1227";-49.4166666666667;3.16666666666667
"1228";-46.7916666666667;0.833333333333336
"1229";-47.7083333333333;3.29166666666667
"1230";-51;3.58333333333334
"1231";-49.0833333333333;5.16666666666667
"1232";-49.9583333333333;0.541666666666669
"1233";-48.9583333333333;1.29166666666667
"1234";-48.1666666666667;1.375
"1235";-48.9166666666667;2.625
"1236";-47.7083333333333;0.750000000000002
"1237";-50.375;2.29166666666667
"1238";-48.0833333333333;0.125000000000002
"1239";-46.1666666666667;2.54166666666667
"1240";-48.9166666666667;3.83333333333334
"1241";-48.5416666666667;3.25
"1242";-49.375;7.04166666666667
"1243";-48.2916666666667;-0.541666666666665
"1244";-51.5833333333333;4.54166666666667
"1245";-45.5;2.375
"1246";-49.7083333333333;1.25
"1247";-47.4166666666667;1.41666666666667
"1248";-48.0416666666667;5.33333333333334
"1249";-50.4583333333333;3
"1250";-49.875;5.25000000000001
"1251";-46.9166666666667;3.125
"1252";-48.625;1.95833333333334
"1253";-49.5833333333333;4
"1254";-48.4583333333333;0.708333333333336
"1255";-47.6666666666667;4.12500000000001
"1256";-47.2916666666667;0.166666666666669
"1257";-46.25;1.45833333333334
"1258";-49;5.95833333333334
"1259";-49.625;2.33333333333334
"1260";-48.6666666666667;4.50000000000001
"1261";-49.25;0.0416666666666683
"1262";-47.7083333333333;2.45833333333334
"1263";-50.5833333333333;4.25000000000001
"1264";-50.0833333333333;6.25000000000001
"1265";-50.875;5.33333333333334
"1266";-46.7916666666667;2.20833333333334
"1267";-49.4166666666667;3.16666666666667
"1268";-46.7916666666667;0.833333333333336
"1269";-47.7083333333333;3.29166666666667
"1270";-51;3.58333333333334
"1271";-49.0833333333333;5.16666666666667
"1272";-49.9583333333333;0.541666666666669
"1273";-48.9583333333333;1.29166666666667
"1274";-48.1666666666667;1.375
"1275";-48.9166666666667;2.625
"1276";-47.7083333333333;0.750000000000002
"1277";-50.375;2.29166666666667
"1278";-48.0833333333333;0.125000000000002
"1279";-46.1666666666667;2.54166666666667
"1280";-48.9166666666667;3.83333333333334
"1281";-48.5416666666667;3.25
"1282";-49.375;7.04166666666667
"1283";-48.2916666666667;-0.541666666666665
"1284";-51.5833333333333;4.54166666666667
"1285";-45.5;2.375
"1286";-49.7083333333333;1.25
"1287";-47.4166666666667;1.41666666666667
"1288";-48.0416666666667;5.33333333333334
"1289";-50.4583333333333;3
"1290";-49.875;5.25000000000001
"1291";-46.9166666666667;3.125
"1292";-48.625;1.95833333333334
"1293";-49.5833333333333;4
"1294";-48.4583333333333;0.708333333333336
"1295";-47.6666666666667;4.12500000000001
"1296";-47.2916666666667;0.166666666666669
"1297";-46.25;1.45833333333334
"1298";-49;5.95833333333334
"1299";-49.625;2.33333333333334
"1300";-48.6666666666667;4.50000000000001
"1301";-49.25;0.0416666666666683
"1302";-47.7083333333333;2.45833333333334
"1303";-50.5833333333333;4.25000000000001
"1304";-50.0833333333333;6.25000000000001
"1305";-50.875;5.33333333333334
"1306";-46.7916666666667;2.20833333333334
"1307";-49.4166666666667;3.16666666666667
"1308";-46.7916666666667;0.833333333333336
"1309";-47.7083333333333;3.29166666666667
"1310";-51;3.58333333333334
"1311";-49.0833333333333;5.16666666666667
"1312";-49.9583333333333;0.541666666666669
"1313";-48.9583333333333;1.29166666666667
"1314";-48.1666666666667;1.375
"1315";-48.9166666666667;2.625
"1316";-47.7083333333333;0.750000000000002
"1317";-50.375;2.29166666666667
"1318";-48.0833333333333;0.125000000000002
"1319";-46.1666666666667;2.54166666666667
"1320";-48.9166666666667;3.83333333333334
"1321";-48.5416666666667;3.25
"1322";-49.375;7.04166666666667
"1323";-48.2916666666667;-0.541666666666665
"1324";-51.5833333333333;4.54166666666667
"1325";-45.5;2.375
"1326";-49.7083333333333;1.25
"1327";-47.4166666666667;1.41666666666667
"1328";-48.0416666666667;5.33333333333334
"1329";-50.4583333333333;3
"1330";-49.875;5.25000000000001
"1331";-46.9166666666667;3.125
"1332";-48.625;1.95833333333334
"1333";-49.5833333333333;4
"1334";-48.4583333333333;0.708333333333336
"1335";-47.6666666666667;4.12500000000001
"1336";-47.2916666666667;0.166666666666669
"1337";-46.25;1.45833333333334
"1338";-49;5.95833333333334
"1339";-49.625;2.33333333333334
"1340";-48.6666666666667;4.50000000000001
"1341";-49.25;0.0416666666666683
"1342";-47.7083333333333;2.45833333333334
"1343";-50.5833333333333;4.25000000000001
"1344";-50.0833333333333;6.25000000000001
"1345";-50.875;5.33333333333334
"1346";-46.7916666666667;2.20833333333334
"1347";-49.4166666666667;3.16666666666667
"1348";-46.7916666666667;0.833333333333336
"1349";-47.7083333333333;3.29166666666667
"1350";-51;3.58333333333334
"1351";-49.0833333333333;5.16666666666667
"1352";-49.9583333333333;0.541666666666669
"1353";-48.9583333333333;1.29166666666667
"1354";-48.1666666666667;1.375
"1355";-48.9166666666667;2.625
"1356";-47.7083333333333;0.750000000000002
"1357";-50.375;2.29166666666667
"1358";-48.0833333333333;0.125000000000002
"1359";-46.1666666666667;2.54166666666667
"1360";-48.9166666666667;3.83333333333334
"1361";-48.5416666666667;3.25
"1362";-49.375;7.04166666666667
"1363";-48.2916666666667;-0.541666666666665
"1364";-51.5833333333333;4.54166666666667
"1365";-45.5;2.375
"1366";-49.7083333333333;1.25
"1367";-47.4166666666667;1.41666666666667
"1368";-48.0416666666667;5.33333333333334
"1369";-50.4583333333333;3
"1370";-49.875;5.25000000000001
"1371";-46.9166666666667;3.125
"1372";-48.625;1.95833333333334
"1373";-49.5833333333333;4
"1374";-48.4583333333333;0.708333333333336
"1375";-47.6666666666667;4.12500000000001
"1376";-47.2916666666667;0.166666666666669
"1377";-46.25;1.45833333333334
"1378";-49;5.95833333333334
"1379";-49.625;2.33333333333334
"1380";-48.6666666666667;4.50000000000001
"1381";-49.25;0.0416666666666683
"1382";-47.7083333333333;2.45833333333334
"1383";-50.5833333333333;4.25000000000001
"1384";-50.0833333333333;6.25000000000001
"1385";-50.875;5.33333333333334
"1386";-46.7916666666667;2.20833333333334
"1387";-49.4166666666667;3.16666666666667
"1388";-46.7916666666667;0.833333333333336
"1389";-47.7083333333333;3.29166666666667
"1390";-51;3.58333333333334
"1391";-49.0833333333333;5.16666666666667
"1392";-49.9583333333333;0.541666666666669
"1393";-48.9583333333333;1.29166666666667
"1394";-48.1666666666667;1.375
"1395";-48.9166666666667;2.625
"1396";-47.7083333333333;0.750000000000002
"1397";-50.375;2.29166666666667
"1398";-48.0833333333333;0.125000000000002
"1399";-46.1666666666667;2.54166666666667
"1400";-48.9166666666667;3.83333333333334
"1401";-48.5416666666667;3.25
"1402";-49.375;7.04166666666667
"1403";-48.2916666666667;-0.541666666666665
"1404";-51.5833333333333;4.54166666666667
"1405";-45.5;2.375
"1406";-49.7083333333333;1.25
"1407";-47.4166666666667;1.41666666666667
"1408";-48.0416666666667;5.33333333333334
"1409";-50.4583333333333;3
"1410";-49.875;5.25000000000001
"1411";-46.9166666666667;3.125
"1412";-48.625;1.95833333333334
"1413";-49.5833333333333;4
"1414";-48.4583333333333;0.708333333333336
"1415";-47.6666666666667;4.12500000000001
"1416";-47.2916666666667;0.166666666666669
"1417";-46.25;1.45833333333334
"1418";-49;5.95833333333334
"1419";-49.625;2.33333333333334
"1420";-48.6666666666667;4.50000000000001
"1421";-49.25;0.0416666666666683
"1422";-47.7083333333333;2.45833333333334
"1423";-50.5833333333333;4.25000000000001
"1424";-50.0833333333333;6.25000000000001
"1425";-50.875;5.33333333333334
"1426";-46.7916666666667;2.20833333333334
"1427";-49.4166666666667;3.16666666666667
"1428";-46.7916666666667;0.833333333333336
"1429";-47.7083333333333;3.29166666666667
"1430";-51;3.58333333333334
"1431";-49.0833333333333;5.16666666666667
"1432";-49.9583333333333;0.541666666666669
"1433";-48.9583333333333;1.29166666666667
"1434";-48.1666666666667;1.375
"1435";-48.9166666666667;2.625
"1436";-47.7083333333333;0.750000000000002
"1437";-50.375;2.29166666666667
"1438";-48.0833333333333;0.125000000000002
"1439";-46.1666666666667;2.54166666666667
"1440";-48.9166666666667;3.83333333333334
"1441";-48.5416666666667;3.25
"1442";-49.375;7.04166666666667
"1443";-48.2916666666667;-0.541666666666665
"1444";-51.5833333333333;4.54166666666667
"1445";-45.5;2.375
"1446";-49.7083333333333;1.25
"1447";-47.4166666666667;1.41666666666667
"1448";-48.0416666666667;5.33333333333334
"1449";-50.4583333333333;3
"1450";-49.875;5.25000000000001
"1451";-46.9166666666667;3.125
"1452";-48.625;1.95833333333334
"1453";-49.5833333333333;4
"1454";-48.4583333333333;0.708333333333336
"1455";-47.6666666666667;4.12500000000001
"1456";-47.2916666666667;0.166666666666669
"1457";-46.25;1.45833333333334
"1458";-49;5.95833333333334
"1459";-49.625;2.33333333333334
"1460";-48.6666666666667;4.50000000000001
"1461";-49.25;0.0416666666666683
"1462";-47.7083333333333;2.45833333333334
"1463";-50.5833333333333;4.25000000000001
"1464";-50.0833333333333;6.25000000000001
"1465";-50.875;5.33333333333334
"1466";-46.7916666666667;2.20833333333334
"1467";-49.4166666666667;3.16666666666667
"1468";-46.7916666666667;0.833333333333336
"1469";-47.7083333333333;3.29166666666667
"1470";-51;3.58333333333334
"1471";-49.0833333333333;5.16666666666667
"1472";-49.9583333333333;0.541666666666669
"1473";-48.9583333333333;1.29166666666667
"1474";-48.1666666666667;1.375
"1475";-48.9166666666667;2.625
"1476";-47.7083333333333;0.750000000000002
"1477";-50.375;2.29166666666667
"1478";-48.0833333333333;0.125000000000002
"1479";-46.1666666666667;2.54166666666667
"1480";-48.9166666666667;3.83333333333334
"1481";-48.5416666666667;3.25
"1482";-49.375;7.04166666666667
"1483";-48.2916666666667;-0.541666666666665
"1484";-51.5833333333333;4.54166666666667
"1485";-45.5;2.375
"1486";-49.7083333333333;1.25
"1487";-47.4166666666667;1.41666666666667
"1488";-48.0416666666667;5.33333333333334
"1489";-50.4583333333333;3
"1490";-49.875;5.25000000000001
"1491";-46.9166666666667;3.125
"1492";-48.625;1.95833333333334
"1493";-49.5833333333333;4
"1494";-48.4583333333333;0.708333333333336
"1495";-47.6666666666667;4.12500000000001
"1496";-47.2916666666667;0.166666666666669
"1497";-46.25;1.45833333333334
"1498";-49;5.95833333333334
"1499";-49.625;2.33333333333334
"1500";-48.6666666666667;4.50000000000001
"1501";-49.25;0.0416666666666683
"1502";-47.7083333333333;2.45833333333334
"1503";-50.5833333333333;4.25000000000001
"1504";-50.0833333333333;6.25000000000001
"1505";-50.875;5.33333333333334
"1506";-46.7916666666667;2.20833333333334
"1507";-49.4166666666667;3.16666666666667
"1508";-46.7916666666667;0.833333333333336
"1509";-47.7083333333333;3.29166666666667
"1510";-51;3.58333333333334
"1511";-49.0833333333333;5.16666666666667
"1512";-49.9583333333333;0.541666666666669
"1513";-48.9583333333333;1.29166666666667
"1514";-48.1666666666667;1.375
"1515";-48.9166666666667;2.625
"1516";-47.7083333333333;0.750000000000002
"1517";-50.375;2.29166666666667
"1518";-48.0833333333333;0.125000000000002
"1519";-46.1666666666667;2.54166666666667
"1520";-48.9166666666667;3.83333333333334
"1521";-48.5416666666667;3.25
"1522";-49.375;7.04166666666667
"1523";-48.2916666666667;-0.541666666666665
"1524";-51.5833333333333;4.54166666666667
"1525";-45.5;2.375
"1526";-49.7083333333333;1.25
"1527";-47.4166666666667;1.41666666666667
"1528";-48.0416666666667;5.33333333333334
"1529";-50.4583333333333;3
"1530";-49.875;5.25000000000001
"1531";-46.9166666666667;3.125
"1532";-48.625;1.95833333333334
"1533";-49.5833333333333;4
"1534";-48.4583333333333;0.708333333333336
"1535";-47.6666666666667;4.12500000000001
"1536";-47.2916666666667;0.166666666666669
"1537";-46.25;1.45833333333334
"1538";-49;5.95833333333334
"1539";-49.625;2.33333333333334
"1540";-48.6666666666667;4.50000000000001
"1541";-49.25;0.0416666666666683
"1542";-47.7083333333333;2.45833333333334
"1543";-50.5833333333333;4.25000000000001
"1544";-50.0833333333333;6.25000000000001
"1545";-50.875;5.33333333333334
"1546";-46.7916666666667;2.20833333333334
"1547";-49.4166666666667;3.16666666666667
"1548";-46.7916666666667;0.833333333333336
"1549";-47.7083333333333;3.29166666666667
"1550";-51;3.58333333333334
"1551";-49.0833333333333;5.16666666666667
"1552";-49.9583333333333;0.541666666666669
"1553";-48.9583333333333;1.29166666666667
"1554";-48.1666666666667;1.375
"1555";-48.9166666666667;2.625
"1556";-47.7083333333333;0.750000000000002
"1557";-50.375;2.29166666666667
"1558";-48.0833333333333;0.125000000000002
"1559";-46.1666666666667;2.54166666666667
"1560";-48.9166666666667;3.83333333333334
"1561";-48.5416666666667;3.25
"1562";-49.375;7.04166666666667
"1563";-48.2916666666667;-0.541666666666665
"1564";-51.5833333333333;4.54166666666667
"1565";-45.5;2.375
"1566";-49.7083333333333;1.25
"1567";-47.4166666666667;1.41666666666667
"1568";-48.0416666666667;5.33333333333334
"1569";-50.4583333333333;3
"1570";-49.875;5.25000000000001
"1571";-46.9166666666667;3.125
"1572";-48.625;1.95833333333334
"1573";-49.5833333333333;4
"1574";-48.4583333333333;0.708333333333336
"1575";-47.6666666666667;4.12500000000001
"1576";-47.2916666666667;0.166666666666669
"1577";-46.25;1.45833333333334
"1578";-49;5.95833333333334
"1579";-49.625;2.33333333333334
"1580";-48.6666666666667;4.50000000000001
"1581";-49.25;0.0416666666666683
"1582";-47.7083333333333;2.45833333333334
"1583";-50.5833333333333;4.25000000000001
"1584";-50.0833333333333;6.25000000000001
"1585";-50.875;5.33333333333334
"1586";-46.7916666666667;2.20833333333334
"1587";-49.4166666666667;3.16666666666667
"1588";-46.7916666666667;0.833333333333336
"1589";-47.7083333333333;3.29166666666667
"1590";-51;3.58333333333334
"1591";-49.0833333333333;5.16666666666667
"1592";-49.9583333333333;0.541666666666669
"1593";-48.9583333333333;1.29166666666667
"1594";-48.1666666666667;1.375
"1595";-48.9166666666667;2.625
"1596";-47.7083333333333;0.750000000000002
"1597";-50.375;2.29166666666667
"1598";-48.0833333333333;0.125000000000002
"1599";-46.1666666666667;2.54166666666667
"1600";-48.9166666666667;3.83333333333334
"1601";-48.5416666666667;3.25
"1602";-49.375;7.04166666666667
"1603";-48.2916666666667;-0.541666666666665
"1604";-51.5833333333333;4.54166666666667
"1605";-45.5;2.375
"1606";-49.7083333333333;1.25
"1607";-47.4166666666667;1.41666666666667
"1608";-48.0416666666667;5.33333333333334
"1609";-50.4583333333333;3
"1610";-49.875;5.25000000000001
"1611";-46.9166666666667;3.125
"1612";-48.625;1.95833333333334
"1613";-49.5833333333333;4
"1614";-48.4583333333333;0.708333333333336
"1615";-47.6666666666667;4.12500000000001
"1616";-47.2916666666667;0.166666666666669
"1617";-46.25;1.45833333333334
"1618";-49;5.95833333333334
"1619";-49.625;2.33333333333334
"1620";-48.6666666666667;4.50000000000001
"1621";-49.25;0.0416666666666683
"1622";-47.7083333333333;2.45833333333334
"1623";-50.5833333333333;4.25000000000001
"1624";-50.0833333333333;6.25000000000001
"1625";-50.875;5.33333333333334
"1626";-46.7916666666667;2.20833333333334
"1627";-49.4166666666667;3.16666666666667
"1628";-46.7916666666667;0.833333333333336
"1629";-47.7083333333333;3.29166666666667
"1630";-51;3.58333333333334
"1631";-49.0833333333333;5.16666666666667
"1632";-49.9583333333333;0.541666666666669
"1633";-48.9583333333333;1.29166666666667
"1634";-48.1666666666667;1.375
"1635";-48.9166666666667;2.625
"1636";-47.7083333333333;0.750000000000002
"1637";-50.375;2.29166666666667
"1638";-48.0833333333333;0.125000000000002
"1639";-46.1666666666667;2.54166666666667
"1640";-48.9166666666667;3.83333333333334
"1641";-48.5416666666667;3.25
"1642";-49.375;7.04166666666667
"1643";-48.2916666666667;-0.541666666666665
"1644";-51.5833333333333;4.54166666666667
"1645";-45.5;2.375
"1646";-49.7083333333333;1.25
"1647";-47.4166666666667;1.41666666666667
"1648";-48.0416666666667;5.33333333333334
"1649";-50.4583333333333;3
"1650";-49.875;5.25000000000001
"1651";-46.9166666666667;3.125
"1652";-48.625;1.95833333333334
"1653";-49.5833333333333;4
"1654";-48.4583333333333;0.708333333333336
"1655";-47.6666666666667;4.12500000000001
"1656";-47.2916666666667;0.166666666666669
"1657";-46.25;1.45833333333334
"1658";-49;5.95833333333334
"1659";-49.625;2.33333333333334
"1660";-48.6666666666667;4.50000000000001
"1661";-49.25;0.0416666666666683
"1662";-47.7083333333333;2.45833333333334
"1663";-50.5833333333333;4.25000000000001
"1664";-50.0833333333333;6.25000000000001
"1665";-50.875;5.33333333333334
"1666";-46.7916666666667;2.20833333333334
"1667";-49.4166666666667;3.16666666666667
"1668";-46.7916666666667;0.833333333333336
"1669";-47.7083333333333;3.29166666666667
"1670";-51;3.58333333333334
"1671";-49.0833333333333;5.16666666666667
"1672";-49.9583333333333;0.541666666666669
"1673";-48.9583333333333;1.29166666666667
"1674";-48.1666666666667;1.375
"1675";-48.9166666666667;2.625
"1676";-47.7083333333333;0.750000000000002
"1677";-50.375;2.29166666666667
"1678";-48.0833333333333;0.125000000000002
"1679";-46.1666666666667;2.54166666666667
"1680";-48.9166666666667;3.83333333333334
"1681";-48.5416666666667;3.25
"1682";-49.375;7.04166666666667
"1683";-48.2916666666667;-0.541666666666665
"1684";-51.5833333333333;4.54166666666667
"1685";-45.5;2.375
"1686";-49.7083333333333;1.25
"1687";-47.4166666666667;1.41666666666667
"1688";-48.0416666666667;5.33333333333334
"1689";-50.4583333333333;3
"1690";-49.875;5.25000000000001
"1691";-46.9166666666667;3.125
"1692";-48.625;1.95833333333334
"1693";-49.5833333333333;4
"1694";-48.4583333333333;0.708333333333336
"1695";-47.6666666666667;4.12500000000001
"1696";-47.2916666666667;0.166666666666669
"1697";-46.25;1.45833333333334
"1698";-49;5.95833333333334
"1699";-49.625;2.33333333333334
"1700";-48.6666666666667;4.50000000000001
"1701";-49.25;0.0416666666666683
"1702";-47.7083333333333;2.45833333333334
"1703";-50.5833333333333;4.25000000000001
"1704";-50.0833333333333;6.25000000000001
"1705";-50.875;5.33333333333334
"1706";-46.7916666666667;2.20833333333334
"1707";-49.4166666666667;3.16666666666667
"1708";-46.7916666666667;0.833333333333336
"1709";-47.7083333333333;3.29166666666667
"1710";-51;3.58333333333334
"1711";-49.0833333333333;5.16666666666667
"1712";-49.9583333333333;0.541666666666669
"1713";-48.9583333333333;1.29166666666667
"1714";-48.1666666666667;1.375
"1715";-48.9166666666667;2.625
"1716";-47.7083333333333;0.750000000000002
"1717";-50.375;2.29166666666667
"1718";-48.0833333333333;0.125000000000002
"1719";-46.1666666666667;2.54166666666667
"1720";-48.9166666666667;3.83333333333334
"1721";-48.5416666666667;3.25
"1722";-49.375;7.04166666666667
"1723";-48.2916666666667;-0.541666666666665
"1724";-51.5833333333333;4.54166666666667
"1725";-45.5;2.375
"1726";-49.7083333333333;1.25
"1727";-47.4166666666667;1.41666666666667
"1728";-48.0416666666667;5.33333333333334
"1729";-50.4583333333333;3
"1730";-49.875;5.25000000000001
"1731";-46.9166666666667;3.125
"1732";-48.625;1.95833333333334
"1733";-49.5833333333333;4
"1734";-48.4583333333333;0.708333333333336
"1735";-47.6666666666667;4.12500000000001
"1736";-47.2916666666667;0.166666666666669
"1737";-46.25;1.45833333333334
"1738";-49;5.95833333333334
"1739";-49.625;2.33333333333334
"1740";-48.6666666666667;4.50000000000001
"1741";-49.25;0.0416666666666683
"1742";-47.7083333333333;2.45833333333334
"1743";-50.5833333333333;4.25000000000001
"1744";-50.0833333333333;6.25000000000001
"1745";-50.875;5.33333333333334
"1746";-46.7916666666667;2.20833333333334
"1747";-49.4166666666667;3.16666666666667
"1748";-46.7916666666667;0.833333333333336
"1749";-47.7083333333333;3.29166666666667
"1750";-51;3.58333333333334
"1751";-49.0833333333333;5.16666666666667
"1752";-49.9583333333333;0.541666666666669
"1753";-48.9583333333333;1.29166666666667
"1754";-48.1666666666667;1.375
"1755";-48.9166666666667;2.625
"1756";-47.7083333333333;0.750000000000002
"1757";-50.375;2.29166666666667
"1758";-48.0833333333333;0.125000000000002
"1759";-46.1666666666667;2.54166666666667
"1760";-48.9166666666667;3.83333333333334
"1761";-48.5416666666667;3.25
"1762";-49.375;7.04166666666667
"1763";-48.2916666666667;-0.541666666666665
"1764";-51.5833333333333;4.54166666666667
"1765";-45.5;2.375
"1766";-49.7083333333333;1.25
"1767";-47.4166666666667;1.41666666666667
"1768";-48.0416666666667;5.33333333333334
"1769";-50.4583333333333;3
"1770";-49.875;5.25000000000001
"1771";-46.9166666666667;3.125
"1772";-48.625;1.95833333333334
"1773";-49.5833333333333;4
"1774";-48.4583333333333;0.708333333333336
"1775";-47.6666666666667;4.12500000000001
"1776";-47.2916666666667;0.166666666666669
"1777";-46.25;1.45833333333334
"1778";-49;5.95833333333334
"1779";-49.625;2.33333333333334
"1780";-48.6666666666667;4.50000000000001
"1781";-49.25;0.0416666666666683
"1782";-47.7083333333333;2.45833333333334
"1783";-50.5833333333333;4.25000000000001
"1784";-50.0833333333333;6.25000000000001
"1785";-50.875;5.33333333333334
"1786";-46.7916666666667;2.20833333333334
"1787";-49.4166666666667;3.16666666666667
"1788";-46.7916666666667;0.833333333333336
"1789";-47.7083333333333;3.29166666666667
"1790";-51;3.58333333333334
"1791";-49.0833333333333;5.16666666666667
"1792";-49.9583333333333;0.541666666666669
"1793";-48.9583333333333;1.29166666666667
"1794";-48.1666666666667;1.375
"1795";-48.9166666666667;2.625
"1796";-47.7083333333333;0.750000000000002
"1797";-50.375;2.29166666666667
"1798";-48.0833333333333;0.125000000000002
"1799";-46.1666666666667;2.54166666666667
"1800";-48.9166666666667;3.83333333333334
"1801";-48.5416666666667;3.25
"1802";-49.375;7.04166666666667
"1803";-48.2916666666667;-0.541666666666665
"1804";-51.5833333333333;4.54166666666667
"1805";-45.5;2.375
"1806";-49.7083333333333;1.25
"1807";-47.4166666666667;1.41666666666667
"1808";-48.0416666666667;5.33333333333334
"1809";-50.4583333333333;3
"1810";-49.875;5.25000000000001
"1811";-46.9166666666667;3.125
"1812";-48.625;1.95833333333334
"1813";-49.5833333333333;4
"1814";-48.4583333333333;0.708333333333336
"1815";-47.6666666666667;4.12500000000001
"1816";-47.2916666666667;0.166666666666669
"1817";-46.25;1.45833333333334
"1818";-49;5.95833333333334
"1819";-49.625;2.33333333333334
"1820";-48.6666666666667;4.50000000000001
"1821";-49.25;0.0416666666666683
"1822";-47.7083333333333;2.45833333333334
"1823";-50.5833333333333;4.25000000000001
"1824";-50.0833333333333;6.25000000000001
"1825";-50.875;5.33333333333334
"1826";-46.7916666666667;2.20833333333334
"1827";-49.4166666666667;3.16666666666667
"1828";-46.7916666666667;0.833333333333336
"1829";-47.7083333333333;3.29166666666667
"1830";-51;3.58333333333334
"1831";-49.0833333333333;5.16666666666667
"1832";-49.9583333333333;0.541666666666669
"1833";-48.9583333333333;1.29166666666667
"1834";-48.1666666666667;1.375
"1835";-48.9166666666667;2.625
"1836";-47.7083333333333;0.750000000000002
"1837";-50.375;2.29166666666667
"1838";-48.0833333333333;0.125000000000002
"1839";-46.1666666666667;2.54166666666667
"1840";-48.9166666666667;3.83333333333334
"1841";-48.5416666666667;3.25
"1842";-49.375;7.04166666666667
"1843";-48.2916666666667;-0.541666666666665
"1844";-51.5833333333333;4.54166666666667
"1845";-45.5;2.375
"1846";-49.7083333333333;1.25
"1847";-47.4166666666667;1.41666666666667
"1848";-48.0416666666667;5.33333333333334
"1849";-50.4583333333333;3
"1850";-49.875;5.25000000000001
"1851";-46.9166666666667;3.125
"1852";-48.625;1.95833333333334
"1853";-49.5833333333333;4
"1854";-48.4583333333333;0.708333333333336
"1855";-47.6666666666667;4.12500000000001
"1856";-47.2916666666667;0.166666666666669
"1857";-46.25;1.45833333333334
"1858";-49;5.95833333333334
"1859";-49.625;2.33333333333334
"1860";-48.6666666666667;4.50000000000001
"1861";-49.25;0.0416666666666683
"1862";-47.7083333333333;2.45833333333334
"1863";-50.5833333333333;4.25000000000001
"1864";-50.0833333333333;6.25000000000001
"1865";-50.875;5.33333333333334
"1866";-46.7916666666667;2.20833333333334
"1867";-49.4166666666667;3.16666666666667
"1868";-46.7916666666667;0.833333333333336
"1869";-47.7083333333333;3.29166666666667
"1870";-51;3.58333333333334
"1871";-49.0833333333333;5.16666666666667
"1872";-49.9583333333333;0.541666666666669
"1873";-48.9583333333333;1.29166666666667
"1874";-48.1666666666667;1.375
"1875";-48.9166666666667;2.625
"1876";-47.7083333333333;0.750000000000002
"1877";-50.375;2.29166666666667
"1878";-48.0833333333333;0.125000000000002
"1879";-46.1666666666667;2.54166666666667
"1880";-48.9166666666667;3.83333333333334
"1881";-48.5416666666667;3.25
"1882";-49.375;7.04166666666667
"1883";-48.2916666666667;-0.541666666666665
"1884";-51.5833333333333;4.54166666666667
"1885";-45.5;2.375
"1886";-49.7083333333333;1.25
"1887";-47.4166666666667;1.41666666666667
"1888";-48.0416666666667;5.33333333333334
"1889";-50.4583333333333;3
"1890";-49.875;5.25000000000001
"1891";-46.9166666666667;3.125
"1892";-48.625;1.95833333333334
"1893";-49.5833333333333;4
"1894";-48.4583333333333;0.708333333333336
"1895";-47.6666666666667;4.12500000000001
"1896";-47.2916666666667;0.166666666666669
"1897";-46.25;1.45833333333334
"1898";-49;5.95833333333334
"1899";-49.625;2.33333333333334
"1900";-48.6666666666667;4.50000000000001
"1901";-49.25;0.0416666666666683
"1902";-47.7083333333333;2.45833333333334
"1903";-50.5833333333333;4.25000000000001
"1904";-50.0833333333333;6.25000000000001
"1905";-50.875;5.33333333333334
"1906";-46.7916666666667;2.20833333333334
"1907";-49.4166666666667;3.16666666666667
"1908";-46.7916666666667;0.833333333333336
"1909";-47.7083333333333;3.29166666666667
"1910";-51;3.58333333333334
"1911";-49.0833333333333;5.16666666666667
"1912";-49.9583333333333;0.541666666666669
"1913";-48.9583333333333;1.29166666666667
"1914";-48.1666666666667;1.375
"1915";-48.9166666666667;2.625
"1916";-47.7083333333333;0.750000000000002
"1917";-50.375;2.29166666666667
"1918";-48.0833333333333;0.125000000000002
"1919";-46.1666666666667;2.54166666666667
"1920";-48.9166666666667;3.83333333333334
"1921";-48.5416666666667;3.25
"1922";-49.375;7.04166666666667
"1923";-48.2916666666667;-0.541666666666665
"1924";-51.5833333333333;4.54166666666667
"1925";-45.5;2.375
"1926";-49.7083333333333;1.25
"1927";-47.4166666666667;1.41666666666667
"1928";-48.0416666666667;5.33333333333334
"1929";-50.4583333333333;3
"1930";-49.875;5.25000000000001
"1931";-46.9166666666667;3.125
"1932";-48.625;1.95833333333334
"1933";-49.5833333333333;4
"1934";-48.4583333333333;0.708333333333336
"1935";-47.6666666666667;4.12500000000001
"1936";-47.2916666666667;0.166666666666669
"1937";-46.25;1.45833333333334
"1938";-49;5.95833333333334
"1939";-49.625;2.33333333333334
"1940";-48.6666666666667;4.50000000000001
"1941";-49.25;0.0416666666666683
"1942";-47.7083333333333;2.45833333333334
"1943";-50.5833333333333;4.25000000000001
"1944";-50.0833333333333;6.25000000000001
"1945";-50.875;5.33333333333334
"1946";-46.7916666666667;2.20833333333334
"1947";-49.4166666666667;3.16666666666667
"1948";-46.7916666666667;0.833333333333336
"1949";-47.7083333333333;3.29166666666667
"1950";-51;3.58333333333334
"1951";-49.0833333333333;5.16666666666667
"1952";-49.9583333333333;0.541666666666669
"1953";-48.9583333333333;1.29166666666667
"1954";-48.1666666666667;1.375
"1955";-48.9166666666667;2.625
"1956";-47.7083333333333;0.750000000000002
"1957";-50.375;2.29166666666667
"1958";-48.0833333333333;0.125000000000002
"1959";-46.1666666666667;2.54166666666667
"1960";-48.9166666666667;3.83333333333334
"1961";-48.5416666666667;3.25
"1962";-49.375;7.04166666666667
"1963";-48.2916666666667;-0.541666666666665
"1964";-51.5833333333333;4.54166666666667
"1965";-45.5;2.375
"1966";-49.7083333333333;1.25
"1967";-47.4166666666667;1.41666666666667
"1968";-48.0416666666667;5.33333333333334
"1969";-50.4583333333333;3
"1970";-49.875;5.25000000000001
"1971";-46.9166666666667;3.125
"1972";-48.625;1.95833333333334
"1973";-49.5833333333333;4
"1974";-48.4583333333333;0.708333333333336
"1975";-47.6666666666667;4.12500000000001
"1976";-47.2916666666667;0.166666666666669
"1977";-46.25;1.45833333333334
"1978";-49;5.95833333333334
"1979";-49.625;2.33333333333334
"1980";-48.6666666666667;4.50000000000001
"1981";-49.25;0.0416666666666683
"1982";-47.7083333333333;2.45833333333334
"1983";-50.5833333333333;4.25000000000001
"1984";-50.0833333333333;6.25000000000001
"1985";-50.875;5.33333333333334
"1986";-46.7916666666667;2.20833333333334
"1987";-49.4166666666667;3.16666666666667
"1988";-46.7916666666667;0.833333333333336
"1989";-47.7083333333333;3.29166666666667
"1990";-51;3.58333333333334
"1991";-49.0833333333333;5.16666666666667
"1992";-49.9583333333333;0.541666666666669
"1993";-48.9583333333333;1.29166666666667
"1994";-48.1666666666667;1.375
"1995";-48.9166666666667;2.625
"1996";-47.7083333333333;0.750000000000002
"1997";-50.375;2.29166666666667
"1998";-48.0833333333333;0.125000000000002
"1999";-46.1666666666667;2.54166666666667
"2000";-48.9166666666667;3.83333333333334
"2001";-48.5416666666667;3.25
"2002";-49.375;7.04166666666667
"2003";-48.2916666666667;-0.541666666666665
"2004";-51.5833333333333;4.54166666666667
"2005";-45.5;2.375
"2006";-49.7083333333333;1.25
"2007";-47.4166666666667;1.41666666666667
"2008";-48.0416666666667;5.33333333333334
"2009";-50.4583333333333;3
"2010";-49.875;5.25000000000001
"2011";-46.9166666666667;3.125
"2012";-48.625;1.95833333333334
"2013";-49.5833333333333;4
"2014";-48.4583333333333;0.708333333333336
"2015";-47.6666666666667;4.12500000000001
"2016";-47.2916666666667;0.166666666666669
"2017";-46.25;1.45833333333334
"2018";-49;5.95833333333334
"2019";-49.625;2.33333333333334
"2020";-48.6666666666667;4.50000000000001
"2021";-49.25;0.0416666666666683
"2022";-47.7083333333333;2.45833333333334
"2023";-50.5833333333333;4.25000000000001
"2024";-50.0833333333333;6.25000000000001
"2025";-50.875;5.33333333333334
"2026";-46.7916666666667;2.20833333333334
"2027";-49.4166666666667;3.16666666666667
"2028";-46.7916666666667;0.833333333333336
"2029";-47.7083333333333;3.29166666666667
"2030";-51;3.58333333333334
"2031";-49.0833333333333;5.16666666666667
"2032";-49.9583333333333;0.541666666666669
"2033";-48.9583333333333;1.29166666666667
"2034";-48.1666666666667;1.375
"2035";-48.9166666666667;2.625
"2036";-47.7083333333333;0.750000000000002
"2037";-50.375;2.29166666666667
"2038";-48.0833333333333;0.125000000000002
"2039";-46.1666666666667;2.54166666666667
"2040";-48.9166666666667;3.83333333333334
"2041";-48.5416666666667;3.25
"2042";-49.375;7.04166666666667
"2043";-48.2916666666667;-0.541666666666665
"2044";-51.5833333333333;4.54166666666667
"2045";-45.5;2.375
"2046";-49.7083333333333;1.25
"2047";-47.4166666666667;1.41666666666667
"2048";-48.0416666666667;5.33333333333334
"2049";-50.4583333333333;3
"2050";-49.875;5.25000000000001
"2051";-46.9166666666667;3.125
"2052";-48.625;1.95833333333334
"2053";-49.5833333333333;4
"2054";-48.4583333333333;0.708333333333336
"2055";-47.6666666666667;4.12500000000001
"2056";-47.2916666666667;0.166666666666669
"2057";-46.25;1.45833333333334
"2058";-49;5.95833333333334
"2059";-49.625;2.33333333333334
"2060";-48.6666666666667;4.50000000000001
"2061";-49.25;0.0416666666666683
"2062";-47.7083333333333;2.45833333333334
"2063";-50.5833333333333;4.25000000000001
"2064";-50.0833333333333;6.25000000000001
"2065";-50.875;5.33333333333334
"2066";-46.7916666666667;2.20833333333334
"2067";-49.4166666666667;3.16666666666667
"2068";-46.7916666666667;0.833333333333336
"2069";-47.7083333333333;3.29166666666667
"2070";-51;3.58333333333334
"2071";-49.0833333333333;5.16666666666667
"2072";-49.9583333333333;0.541666666666669
"2073";-48.9583333333333;1.29166666666667
"2074";-48.1666666666667;1.375
"2075";-48.9166666666667;2.625
"2076";-47.7083333333333;0.750000000000002
"2077";-50.375;2.29166666666667
"2078";-48.0833333333333;0.125000000000002
"2079";-46.1666666666667;2.54166666666667
"2080";-48.9166666666667;3.83333333333334
"2081";-48.5416666666667;3.25
"2082";-49.375;7.04166666666667
"2083";-48.2916666666667;-0.541666666666665
"2084";-51.5833333333333;4.54166666666667
"2085";-45.5;2.375
"2086";-49.7083333333333;1.25
"2087";-47.4166666666667;1.41666666666667
"2088";-48.0416666666667;5.33333333333334
"2089";-50.4583333333333;3
"2090";-49.875;5.25000000000001
"2091";-46.9166666666667;3.125
"2092";-48.625;1.95833333333334
"2093";-49.5833333333333;4
"2094";-48.4583333333333;0.708333333333336
"2095";-47.6666666666667;4.12500000000001
"2096";-47.2916666666667;0.166666666666669
"2097";-46.25;1.45833333333334
"2098";-49;5.95833333333334
"2099";-49.625;2.33333333333334
"2100";-48.6666666666667;4.50000000000001
"2101";-49.25;0.0416666666666683
"2102";-47.7083333333333;2.45833333333334
"2103";-50.5833333333333;4.25000000000001
"2104";-50.0833333333333;6.25000000000001
"2105";-50.875;5.33333333333334
"2106";-46.7916666666667;2.20833333333334
"2107";-49.4166666666667;3.16666666666667
"2108";-46.7916666666667;0.833333333333336
"2109";-47.7083333333333;3.29166666666667
"2110";-51;3.58333333333334
"2111";-49.0833333333333;5.16666666666667
"2112";-49.9583333333333;0.541666666666669
"2113";-48.9583333333333;1.29166666666667
"2114";-48.1666666666667;1.375
"2115";-48.9166666666667;2.625
"2116";-47.7083333333333;0.750000000000002
"2117";-50.375;2.29166666666667
"2118";-48.0833333333333;0.125000000000002
"2119";-46.1666666666667;2.54166666666667
"2120";-48.9166666666667;3.83333333333334
"2121";-48.5416666666667;3.25
"2122";-49.375;7.04166666666667
"2123";-48.2916666666667;-0.541666666666665
"2124";-51.5833333333333;4.54166666666667
"2125";-45.5;2.375
"2126";-49.7083333333333;1.25
"2127";-47.4166666666667;1.41666666666667
"2128";-48.0416666666667;5.33333333333334
"2129";-50.4583333333333;3
"2130";-49.875;5.25000000000001
"2131";-46.9166666666667;3.125
"2132";-48.625;1.95833333333334
"2133";-49.5833333333333;4
"2134";-48.4583333333333;0.708333333333336
"2135";-47.6666666666667;4.12500000000001
"2136";-47.2916666666667;0.166666666666669
"2137";-46.25;1.45833333333334
"2138";-49;5.95833333333334
"2139";-49.625;2.33333333333334
"2140";-48.6666666666667;4.50000000000001
"2141";-49.25;0.0416666666666683
"2142";-47.7083333333333;2.45833333333334
"2143";-50.5833333333333;4.25000000000001
"2144";-50.0833333333333;6.25000000000001
"2145";-50.875;5.33333333333334
"2146";-46.7916666666667;2.20833333333334
"2147";-49.4166666666667;3.16666666666667
"2148";-46.7916666666667;0.833333333333336
"2149";-47.7083333333333;3.29166666666667
"2150";-51;3.58333333333334
"2151";-49.0833333333333;5.16666666666667
"2152";-49.9583333333333;0.541666666666669
"2153";-48.9583333333333;1.29166666666667
"2154";-48.1666666666667;1.375
"2155";-48.9166666666667;2.625
"2156";-47.7083333333333;0.750000000000002
"2157";-50.375;2.29166666666667
"2158";-48.0833333333333;0.125000000000002
"2159";-46.1666666666667;2.54166666666667
"2160";-48.9166666666667;3.83333333333334
"2161";-48.5416666666667;3.25
"2162";-49.375;7.04166666666667
"2163";-48.2916666666667;-0.541666666666665
"2164";-51.5833333333333;4.54166666666667
"2165";-45.5;2.375
"2166";-49.7083333333333;1.25
"2167";-47.4166666666667;1.41666666666667
"2168";-48.0416666666667;5.33333333333334
"2169";-50.4583333333333;3
"2170";-49.875;5.25000000000001
"2171";-46.9166666666667;3.125
"2172";-48.625;1.95833333333334
"2173";-49.5833333333333;4
"2174";-48.4583333333333;0.708333333333336
"2175";-47.6666666666667;4.12500000000001
"2176";-47.2916666666667;0.166666666666669
"2177";-46.25;1.45833333333334
"2178";-49;5.95833333333334
"2179";-49.625;2.33333333333334
"2180";-48.6666666666667;4.50000000000001
"2181";-49.25;0.0416666666666683
"2182";-47.7083333333333;2.45833333333334
"2183";-50.5833333333333;4.25000000000001
"2184";-50.0833333333333;6.25000000000001
"2185";-50.875;5.33333333333334
"2186";-46.7916666666667;2.20833333333334
"2187";-49.4166666666667;3.16666666666667
"2188";-46.7916666666667;0.833333333333336
"2189";-47.7083333333333;3.29166666666667
"2190";-51;3.58333333333334
"2191";-49.0833333333333;5.16666666666667
"2192";-49.9583333333333;0.541666666666669
"2193";-48.9583333333333;1.29166666666667
"2194";-48.1666666666667;1.375
"2195";-48.9166666666667;2.625
"2196";-47.7083333333333;0.750000000000002
"2197";-50.375;2.29166666666667
"2198";-48.0833333333333;0.125000000000002
"2199";-46.1666666666667;2.54166666666667
"2200";-48.9166666666667;3.83333333333334
"2201";-48.5416666666667;3.25
"2202";-49.375;7.04166666666667
"2203";-48.2916666666667;-0.541666666666665
"2204";-51.5833333333333;4.54166666666667
"2205";-45.5;2.375
"2206";-49.7083333333333;1.25
"2207";-47.4166666666667;1.41666666666667
"2208";-48.0416666666667;5.33333333333334
"2209";-50.4583333333333;3
"2210";-49.875;5.25000000000001
"2211";-46.9166666666667;3.125
"2212";-48.625;1.95833333333334
"2213";-49.5833333333333;4
"2214";-48.4583333333333;0.708333333333336
"2215";-47.6666666666667;4.12500000000001
"2216";-47.2916666666667;0.166666666666669
"2217";-46.25;1.45833333333334
"2218";-49;5.95833333333334
"2219";-49.625;2.33333333333334
"2220";-48.6666666666667;4.50000000000001
"2221";-49.25;0.0416666666666683
"2222";-47.7083333333333;2.45833333333334
"2223";-50.5833333333333;4.25000000000001
"2224";-50.0833333333333;6.25000000000001
"2225";-50.875;5.33333333333334
"2226";-46.7916666666667;2.20833333333334
"2227";-49.4166666666667;3.16666666666667
"2228";-46.7916666666667;0.833333333333336
"2229";-47.7083333333333;3.29166666666667
"2230";-51;3.58333333333334
"2231";-49.0833333333333;5.16666666666667
"2232";-49.9583333333333;0.541666666666669
"2233";-48.9583333333333;1.29166666666667
"2234";-48.1666666666667;1.375
"2235";-48.9166666666667;2.625
"2236";-47.7083333333333;0.750000000000002
"2237";-50.375;2.29166666666667
"2238";-48.0833333333333;0.125000000000002
"2239";-46.1666666666667;2.54166666666667
"2240";-48.9166666666667;3.83333333333334
"2241";-48.5416666666667;3.25
"2242";-49.375;7.04166666666667
"2243";-48.2916666666667;-0.541666666666665
"2244";-51.5833333333333;4.54166666666667
"2245";-45.5;2.375
"2246";-49.7083333333333;1.25
"2247";-47.4166666666667;1.41666666666667
"2248";-48.0416666666667;5.33333333333334
"2249";-50.4583333333333;3
"2250";-49.875;5.25000000000001
"2251";-46.9166666666667;3.125
"2252";-48.625;1.95833333333334
"2253";-49.5833333333333;4
"2254";-48.4583333333333;0.708333333333336
"2255";-47.6666666666667;4.12500000000001
"2256";-47.2916666666667;0.166666666666669
"2257";-46.25;1.45833333333334
"2258";-49;5.95833333333334
"2259";-49.625;2.33333333333334
"2260";-48.6666666666667;4.50000000000001
"2261";-49.25;0.0416666666666683
"2262";-47.7083333333333;2.45833333333334
"2263";-50.5833333333333;4.25000000000001
"2264";-50.0833333333333;6.25000000000001
"2265";-50.875;5.33333333333334
"2266";-46.7916666666667;2.20833333333334
"2267";-49.4166666666667;3.16666666666667
"2268";-46.7916666666667;0.833333333333336
"2269";-47.7083333333333;3.29166666666667
"2270";-51;3.58333333333334
"2271";-49.0833333333333;5.16666666666667
"2272";-49.9583333333333;0.541666666666669
"2273";-48.9583333333333;1.29166666666667
"2274";-48.1666666666667;1.375
"2275";-48.9166666666667;2.625
"2276";-47.7083333333333;0.750000000000002
"2277";-50.375;2.29166666666667
"2278";-48.0833333333333;0.125000000000002
"2279";-46.1666666666667;2.54166666666667
"2280";-48.9166666666667;3.83333333333334
"2281";-48.5416666666667;3.25
"2282";-49.375;7.04166666666667
"2283";-48.2916666666667;-0.541666666666665
"2284";-51.5833333333333;4.54166666666667
"2285";-45.5;2.375
"2286";-49.7083333333333;1.25
"2287";-47.4166666666667;1.41666666666667
"2288";-48.0416666666667;5.33333333333334
"2289";-50.4583333333333;3
"2290";-49.875;5.25000000000001
"2291";-46.9166666666667;3.125
"2292";-48.625;1.95833333333334
"2293";-49.5833333333333;4
"2294";-48.4583333333333;0.708333333333336
"2295";-47.6666666666667;4.12500000000001
"2296";-47.2916666666667;0.166666666666669
"2297";-46.25;1.45833333333334
"2298";-49;5.95833333333334
"2299";-49.625;2.33333333333334
"2300";-48.6666666666667;4.50000000000001
"2301";-49.25;0.0416666666666683
"2302";-47.7083333333333;2.45833333333334
"2303";-50.5833333333333;4.25000000000001
"2304";-50.0833333333333;6.25000000000001
"2305";-50.875;5.33333333333334
"2306";-46.7916666666667;2.20833333333334
"2307";-49.4166666666667;3.16666666666667
"2308";-46.7916666666667;0.833333333333336
"2309";-47.7083333333333;3.29166666666667
"2310";-51;3.58333333333334
"2311";-49.0833333333333;5.16666666666667
"2312";-49.9583333333333;0.541666666666669
"2313";-48.9583333333333;1.29166666666667
"2314";-48.1666666666667;1.375
"2315";-48.9166666666667;2.625
"2316";-47.7083333333333;0.750000000000002
"2317";-50.375;2.29166666666667
"2318";-48.0833333333333;0.125000000000002
"2319";-46.1666666666667;2.54166666666667
"2320";-48.9166666666667;3.83333333333334
"2321";-48.5416666666667;3.25
"2322";-49.375;7.04166666666667
"2323";-48.2916666666667;-0.541666666666665
"2324";-51.5833333333333;4.54166666666667
"2325";-45.5;2.375
"2326";-49.7083333333333;1.25
"2327";-47.4166666666667;1.41666666666667
"2328";-48.0416666666667;5.33333333333334
"2329";-50.4583333333333;3
"2330";-49.875;5.25000000000001
"2331";-46.9166666666667;3.125
"2332";-48.625;1.95833333333334
"2333";-49.5833333333333;4
"2334";-48.4583333333333;0.708333333333336
"2335";-47.6666666666667;4.12500000000001
"2336";-47.2916666666667;0.166666666666669
"2337";-46.25;1.45833333333334
"2338";-49;5.95833333333334
"2339";-49.625;2.33333333333334
"2340";-48.6666666666667;4.50000000000001
"2341";-49.25;0.0416666666666683
"2342";-47.7083333333333;2.45833333333334
"2343";-50.5833333333333;4.25000000000001
"2344";-50.0833333333333;6.25000000000001
"2345";-50.875;5.33333333333334
"2346";-46.7916666666667;2.20833333333334
"2347";-49.4166666666667;3.16666666666667
"2348";-46.7916666666667;0.833333333333336
"2349";-47.7083333333333;3.29166666666667
"2350";-51;3.58333333333334
"2351";-49.0833333333333;5.16666666666667
"2352";-49.9583333333333;0.541666666666669
"2353";-48.9583333333333;1.29166666666667
"2354";-48.1666666666667;1.375
"2355";-48.9166666666667;2.625
"2356";-47.7083333333333;0.750000000000002
"2357";-50.375;2.29166666666667
"2358";-48.0833333333333;0.125000000000002
"2359";-46.1666666666667;2.54166666666667
"2360";-48.9166666666667;3.83333333333334
"2361";-48.5416666666667;3.25
"2362";-49.375;7.04166666666667
"2363";-48.2916666666667;-0.541666666666665
"2364";-51.5833333333333;4.54166666666667
"2365";-45.5;2.375
"2366";-49.7083333333333;1.25
"2367";-47.4166666666667;1.41666666666667
"2368";-48.0416666666667;5.33333333333334
"2369";-50.4583333333333;3
"2370";-49.875;5.25000000000001
"2371";-46.9166666666667;3.125
"2372";-48.625;1.95833333333334
"2373";-49.5833333333333;4
"2374";-48.4583333333333;0.708333333333336
"2375";-47.6666666666667;4.12500000000001
"2376";-47.2916666666667;0.166666666666669
"2377";-46.25;1.45833333333334
"2378";-49;5.95833333333334
"2379";-49.625;2.33333333333334
"2380";-48.6666666666667;4.50000000000001
"2381";-49.25;0.0416666666666683
"2382";-47.7083333333333;2.45833333333334
"2383";-50.5833333333333;4.25000000000001
"2384";-50.0833333333333;6.25000000000001
"2385";-50.875;5.33333333333334
"2386";-46.7916666666667;2.20833333333334
"2387";-49.4166666666667;3.16666666666667
"2388";-46.7916666666667;0.833333333333336
"2389";-47.7083333333333;3.29166666666667
"2390";-51;3.58333333333334
"2391";-49.0833333333333;5.16666666666667
"2392";-49.9583333333333;0.541666666666669
"2393";-48.9583333333333;1.29166666666667
"2394";-48.1666666666667;1.375
"2395";-48.9166666666667;2.625
"2396";-47.7083333333333;0.750000000000002
"2397";-50.375;2.29166666666667
"2398";-48.0833333333333;0.125000000000002
"2399";-46.1666666666667;2.54166666666667
"2400";-48.9166666666667;3.83333333333334
