"";"Terschellingia_5";"Terschellingia_1";"Dorylaimopsis_1";"Odontophora_1";"Comesoma_1";"Cobbia_1";"Sabatieria_1";"Stylotheristus_3";"Paramonhystera_1";"Subsphaerolaimus_1";"Paramonhystera_2";"Daptonema_5";"Sabatieria_2";"Viscosia_1";"Aponema_1";"Trissonchulus_1";"Terschellingia_2";"Gomphionema_1";"Ptycholaimellus_1";"Paracanthonchus_1";"Sabatieria_1a";"Tricotheristus_1";"Terschellingia_3";"Squanema_1";"Theristus_Longissimecaudatus";"Vasostoma_1";"Setosabatieria_1";"Sabatieria_5";"Oncholaimellus_1";"Pseudosteineria_1";"Metachromadora_1";"Halalaimus_1";"Metalinhomoeus_1";"Anoplostoma_1";"Metacyatholaimus_1";"Oncholaimus_1";"Cyartonema_1";"Paramonhystera_3";"Elzalia_2";"Molgolaimus_1";"Chromadora_1";"Metalinhomoeus_2";"Sabatieria_4";"Daptonema_7";"Leptolaimus_1";"Acanthonchus_1";"Sphaerolaimus_1";"Metoncholaimus_1";"Stylotheristus_1";"Sphaerotheristus_1";"Stylotheristus_4";"Microlaimus_8";"Paralongicyatholaimus_1";"Cephalanticoma_1";"Steineria_1";"Halichoanolaimus_1";"Oncholaimellus_2";"Parodontophora_1";"Theristus_acribus";"Spilophorella_1";"Sphaerolaimus_2";"Choanolaimus_1";"Elzalia_1";"Oxystomina_1";"Pomponema_1";"Hypodontolaimus_1";"Sabatieria_8";"Daptonema_6";"Trefusia_1";"Sabatieria_2c";"Desmolaimus_1";"Polygastrophora_1";"Chromadorina_1";"Paracyatholaimoides_1";"Microlaimus_4";"Paralinhomoeus_1";"Terschellingia_6";"Stygodesmodora_1";"Ptycholaimellus_2";"Sphaerolaimus_3";"Comesoma_2";"Pomponema_2";"Campylaimus_1";"Metadasynemoides_1";"Thalassoalaimus_1";"Polygastrophora_2";"Microlaimus_6";"Thalassomonhystera_1";"Dasynemoides_1";"Calyptronema_1";"Marylynnia_1";"Paramesonchium_1";"Trefusia_2";"Linhystera_2";"Leptolaimoides_1";"Cheironchus_1";"Theristus_8";"Laimella_1";"Parasphaerolaimus_2";"Parametoncholaimus_1";"Theristus_Flevensis";"Cervonema_1";"Sabatieria_7";"Chromadorella_1";"Trochamus_1";"Sabatieria_6";"Monhystrella_1";"Morfotipo_4";"Marisalbinema_1";"Diplopeltula_1";"Synonchiella_1";"Catanema_1";"Rhabdocoma_1";"Microlaimus_1";"Dorylaimidae_1";"Prochromadorella_1";"Xyalidae_1";"Linhystera_1";"Bathylaimus_1";"Desmodora_2";"Wieseria_1";"Doliolaimus_1";"Siphonolaimus_1";"Nannolaimus_1";"Steineria_2";"Ascolaimus_1";"Tripyloides_1";"Actinonema_1";"Eubostrichus_1";"Deontolaimus_1";"Eurystomina_3";"Odontanticoma_1";"Valvaelaimus_1";"Metalinhomoeus_8";"Parachromadorita_1";"Phanoderma_2";"Diplolaimelloides_1";"Metachromadora_4";"Xyalidae_2";"Theristus_10C";"Xyalidae_3";"Dichromadora_1";"Morfotipo_5";"Chromadoridae_1";"Parasphaerolaimus_1";"Prochromadora_1";"Sphaerolaimus_4";"Theristus_F2";"Morfotipo_1";"Promonhystera_1";"Southerniella_1";"Linhomoeus_1";"Bolbolaimus_1";"Nudora_1";"Paracanthonchus_2";"Pseudochromadora_1";"Tricoma_1";"Comesomatidae_1";"Axonolaimus_1";"Morfotipo_3";"Rhabditidae_8";"Epacanthion_1";"Eleutherolaimus_1";"Scaptrella_1";"Desmoscolex_1";"Longicyatholaimus_1";"Morfotipo_2";"Cienfuegia_1";"Synonchium_1";"Rhabditidae_4";"Polysigma_1";"Aegialoalaimus_1";"Omicronema_1";"Graphonema_1";"Rhabditidae_2";"Rhabditidae_3";"Paramicrolaimus_1";"Atrochromadora_1";"Dolichosomatum_1";"Comesa_4";"Kraspedonema_1";"Metaparoncholaimus_1";"Microlaimidae_1";"Diplolaimella_1";"Dasynemella_2";"Rhabditidae_7";"Syringolaimus_2";"Trileptium_1";"Rhabditidae_9";"Theristus_10";"Leptogastrella_1";"Araeolaimus_1";"Rhabditidae_5";"Rhabditidae_6"
"#1";0;0;0;0;0;0;0;0;0;0;0;3.916666667;0;5.875;0;0;0;0;0;0;0;0;0;0;1.958333333;0;0;0;7.833333333;0;0;0;0;0;0;137.0833333;0;0;0;0;0;0;0;0;0;0;0;0;0;0;0;0;0;0;0;0;0;0;9.791666667;0;0;0;0;7.833333333;0;0;0;0;0;0;0;0;7.833333333;0;0;0;0;0;0;0;0;0;0;0;0;0;0;0;0;3.916666667;0;0;0;0;0;0;0;0;0;0;1.958333333;0;0;0;0;0;0;0;0;0;0;0;0;0;0;0;0;0;0;0;0;0;0;0;0;0;0;0;0;0;0;0;0;0;0;0;0;0;0;0;0;0;0;0;0;0;0;0;0;0;0;0;0;0;0;0;0;0;0;0;0;0;0;0;0;0;0;0;0;0;0;0;0;0;0;0;0;0;0;0;0;0;0;0;0;0;0;0;0;0;0;0;0;0
"#2";0;34.28571429;3.428571429;0;58.28571429;0;0;3.428571429;0;30.85714286;0;10.28571429;0;34.28571429;0;24;0;0;48;17.14285714;6.857142857;27.42857143;0;0;24;0;0;0;6.857142857;6.857142857;0;0;10.28571429;0;0;0;0;0;0;0;3.428571429;0;0;0;0;3.428571429;0;0;0;0;0;0;0;0;0;0;0;0;0;0;0;3.428571429;0;6.857142857;0;0;0;0;0;0;0;0;0;0;0;0;0;0;0;0;3.428571429;0;0;0;0;0;0;0;0;0;0;0;0;0;0;0;0;0;0;0;0;0;0;0;0;0;0;0;0;0;0;0;0;0;0;0;0;0;3.428571429;0;0;0;0;0;10.28571429;0;0;0;0;0;0;0;0;0;0;0;0;0;0;0;0;0;0;0;0;0;0;0;0;0;0;0;3.428571429;0;0;0;0;0;0;0;0;0;0;0;0;0;0;0;0;0;0;0;0;0;0;0;0;0;0;0;0;0;0;0;0;0;0;0;0;0;0;0;0;0
"#4";0;0;62.32;0;18.696;0;6.232;0;0;12.464;0;193.192;280.44;18.696;0;68.552;0;0;0;0;31.16;0;0;0;62.32;0;0;0;0;0;0;0;18.696;6.232;0;0;0;0;0;0;0;0;0;0;0;0;0;0;0;0;0;0;0;0;0;0;0;0;0;0;0;0;0;0;0;0;0;0;0;0;0;0;0;0;0;0;0;0;0;0;0;0;0;0;0;0;0;0;0;0;0;0;0;0;0;0;0;0;0;0;0;0;0;0;0;0;0;0;0;0;0;0;0;0;0;0;0;0;0;0;0;0;0;0;0;0;0;0;0;0;0;0;0;0;0;0;0;0;0;0;0;0;0;0;0;0;0;0;0;0;0;0;0;0;0;0;0;0;0;0;0;0;0;0;0;0;0;0;0;0;0;0;0;0;0;0;0;0;0;0;0;0;0;0;0;0;0;0;0;0;0;0;0;0
"#5";0;0;0;4.6;36.8;23;0;0;0;0;0;158.7;2.3;0;0;0;0;0;0;0;0;0;6.9;0;0;0;0;0;9.2;0;0;0;0;0;0;0;0;0;0;0;0;0;0;0;0;0;0;0;0;0;2.3;0;0;0;0;0;0;0;6.9;0;0;0;0;0;0;0;0;0;0;0;0;0;2.3;0;0;0;0;0;0;0;0;0;0;0;0;0;0;0;0;0;0;0;0;0;0;0;0;0;0;0;0;0;0;0;0;0;0;0;0;0;0;0;0;0;0;0;0;0;0;0;0;0;0;0;0;0;0;0;0;0;0;0;0;0;0;0;0;0;0;0;0;0;0;0;0;0;0;0;0;0;0;0;0;0;0;0;0;0;0;0;0;0;0;0;0;0;0;0;0;0;0;0;0;0;0;0;0;0;0;0;0;0;0;0;0;0;0;0;0;0;0;0;0;0
"#6";0;0;0;0;20.99137931;0;0;0;0;0;0;41.98275862;4.198275862;8.396551724;0;12.59482759;0;0;0;0;0;0;0;0;0;0;0;0;0;0;0;0;0;0;0;209.9137931;0;0;0;0;0;0;0;0;0;12.59482759;0;58.77586207;0;0;0;0;0;0;0;0;0;0;0;0;0;4.198275862;0;46.18103448;0;0;0;0;0;0;0;0;54.57758621;0;0;0;0;0;0;0;0;0;0;0;0;4.198275862;0;0;0;0;0;0;0;0;0;0;4.198275862;0;0;0;0;0;0;0;0;0;0;0;0;0;0;0;0;0;0;4.198275862;0;0;0;0;0;0;0;0;0;0;0;0;0;0;0;0;0;0;0;0;0;0;0;0;0;0;0;0;0;0;0;0;0;0;0;0;0;0;0;0;0;0;0;0;0;0;0;0;0;0;0;0;0;0;0;0;0;0;0;0;0;0;0;0;0;0;0;0;0;0;0;0;0;0;0;0;0;0
"#7";0;56.86206897;0;0;6.689655172;0;0;0;0;0;0;80.27586207;16.72413793;13.37931034;0;16.72413793;0;0;0;0;0;0;10.03448276;0;16.72413793;0;0;0;0;0;0;0;13.37931034;26.75862069;0;56.86206897;0;0;0;0;0;0;0;0;0;0;0;0;0;0;0;0;0;0;0;0;0;0;6.689655172;0;0;0;0;30.10344828;0;0;0;0;0;0;0;0;0;0;0;0;0;0;0;0;0;0;0;0;0;0;0;0;0;3.344827586;0;0;0;0;0;0;16.72413793;0;0;0;0;0;0;0;0;0;0;0;0;0;0;0;0;0;0;0;0;0;0;0;0;0;0;0;0;0;0;0;0;0;0;0;0;0;0;0;0;0;0;0;0;0;0;0;0;0;0;13.37931034;0;0;0;0;0;0;0;0;0;0;0;0;0;0;0;0;0;0;0;3.344827586;0;0;0;0;0;0;0;0;0;0;0;0;0;0;0;0;0;0;0;0;0;0;0;0;0;0
"#8";0;0;59.4;0;0;0;0;0;0;96.525;0;81.675;222.75;81.675;0;89.1;0;0;14.85;0;0;37.125;0;0;51.975;0;0;0;0;0;0;0;14.85;37.125;0;0;0;0;0;0;0;0;0;0;0;7.425;0;0;0;0;0;0;0;7.425;0;0;0;0;0;0;0;7.425;0;0;0;0;0;0;0;0;0;29.7;44.55;0;0;0;0;0;0;0;0;0;0;0;0;0;0;0;0;7.425;0;0;0;0;0;0;0;0;0;0;0;0;0;0;0;0;0;0;0;0;0;0;0;0;0;0;0;0;0;0;0;0;0;0;0;0;0;0;0;0;0;0;0;0;0;0;0;0;0;0;0;0;0;0;0;0;0;0;0;0;0;0;0;0;0;0;0;0;0;0;0;0;0;0;0;0;0;0;0;0;0;0;0;0;0;0;0;0;0;0;0;0;0;0;0;0;0;0;0;0;0;0;0;0
"#9";0;44.67768595;215.9421488;0;0;0;0;0;0;67.01652893;0;0;342.5289256;44.67768595;0;44.67768595;0;0;59.57024793;0;0;7.446280992;0;0;14.89256198;0;0;0;0;0;0;14.89256198;0;14.89256198;0;0;0;0;0;0;0;0;0;0;0;0;0;0;0;0;0;0;0;0;0;7.446280992;0;0;0;0;0;7.446280992;0;0;0;0;0;0;0;0;0;7.446280992;0;0;0;0;0;0;0;0;0;0;0;0;0;0;0;0;0;0;0;0;0;0;0;0;0;7.446280992;0;0;0;0;0;0;0;0;0;0;0;0;0;0;0;0;0;0;0;0;0;0;0;0;0;0;0;0;0;0;0;0;0;0;0;0;0;0;0;0;0;0;0;0;0;0;0;0;0;0;0;0;0;0;0;0;0;0;0;0;0;0;0;0;0;0;0;0;0;0;0;0;0;0;0;0;0;0;0;0;0;0;0;0;0;0;0;0;0;0;0;0;0;0;0;0
"#10";0;49.1031746;23.48412698;0;23.48412698;0;0;0;0;0;0;12.80952381;53.37301587;2.134920635;0;0;0;0;49.1031746;0;0;2.134920635;0;0;0;0;0;0;0;0;0;0;25.61904762;0;0;0;0;0;0;0;0;0;0;0;0;0;0;0;2.134920635;0;21.34920635;0;0;0;0;0;0;0;0;0;0;0;0;2.134920635;0;0;0;0;0;0;0;0;2.134920635;0;0;0;0;0;0;0;0;0;0;0;0;0;0;0;0;0;0;0;0;0;0;0;0;0;0;0;0;0;0;0;0;0;0;0;0;0;0;0;0;0;0;0;0;0;0;0;0;0;0;0;0;0;0;0;0;0;0;0;0;0;0;0;0;0;0;0;0;0;0;0;0;0;0;0;0;0;0;0;0;0;0;0;0;0;0;0;0;0;0;0;0;0;0;0;0;0;0;0;0;0;0;0;0;0;0;0;0;0;0;0;0;0;0;0;0;0;0;0;0;0
"#11";0;19.78813559;19.78813559;0;35.61864407;0;0;0;0;7.915254237;0;11.87288136;39.57627119;3.957627119;0;23.74576271;0;0;154.3474576;0;3.957627119;11.87288136;3.957627119;0;7.915254237;0;3.957627119;0;31.66101695;0;0;0;19.78813559;0;0;0;11.87288136;0;0;0;11.87288136;0;0;0;0;0;0;0;0;0;11.87288136;0;0;0;0;3.957627119;0;0;0;3.957627119;0;7.915254237;0;0;0;0;0;0;0;0;0;0;0;0;0;0;0;0;0;0;0;0;0;0;0;0;0;0;0;3.957627119;3.957627119;0;0;0;0;0;3.957627119;3.957627119;0;0;0;0;0;0;0;0;0;0;0;0;0;0;0;0;0;0;0;0;0;0;0;0;0;0;0;0;0;0;0;0;0;0;0;0;0;0;0;0;0;0;0;0;0;0;0;0;0;0;0;0;0;0;0;0;0;0;0;0;0;0;0;0;0;0;0;0;0;0;0;0;0;0;0;0;0;0;0;0;0;0;0;0;0;0;0;0;0;0;0;0;0;0;0;0
"#12";0;14.67272727;26.9;0;9.781818182;0;0;0;0;22.00909091;0;0;12.22727273;39.12727273;0;61.13636364;0;0;0;0;0;0;0;0;4.890909091;0;0;0;0;0;0;4.890909091;2.445454545;26.9;0;0;0;0;0;0;0;0;0;0;0;0;0;0;0;0;2.445454545;0;0;4.890909091;0;0;0;0;0;0;0;9.781818182;0;0;0;0;0;0;0;0;0;2.445454545;0;0;0;0;0;0;0;0;0;0;0;0;0;0;0;0;0;0;0;0;0;0;0;0;0;0;0;0;0;0;0;0;0;0;2.445454545;0;0;0;0;0;0;7.336363636;0;0;0;0;14.67272727;0;0;0;0;0;0;0;0;0;0;0;0;0;0;0;0;0;0;0;0;0;0;0;0;0;0;0;0;0;0;0;0;0;0;0;0;0;0;0;0;0;0;0;0;0;0;0;0;0;0;0;0;0;0;0;0;0;0;0;0;0;0;0;0;0;0;0;0;0;0;0;0;0;0;0
"#13";4.652892562;204.7272727;23.26446281;0;23.26446281;4.652892562;0;0;0;13.95867769;0;4.652892562;32.57024793;13.95867769;0;0;0;4.652892562;153.5454545;0;0;4.652892562;0;0;0;0;0;0;4.652892562;0;0;9.305785124;13.95867769;4.652892562;4.652892562;0;0;0;0;0;9.305785124;0;0;0;4.652892562;0;0;0;0;0;0;0;0;0;0;0;0;0;0;4.652892562;0;0;0;0;0;0;0;0;0;0;0;9.305785124;0;0;0;0;0;0;0;0;0;0;0;0;0;0;0;0;0;0;0;0;0;0;4.652892562;0;0;0;0;0;0;0;0;4.652892562;0;0;0;0;0;0;0;0;0;0;0;0;0;0;0;0;0;0;0;0;0;0;0;0;0;0;0;0;0;0;0;0;0;0;0;0;0;0;0;0;0;0;0;0;0;0;0;0;0;0;0;0;0;0;0;0;0;0;0;0;0;0;0;0;0;0;0;0;0;0;0;0;0;0;0;0;0;0;0;0;0;0;0;0;0;0;0;0;0;0
"#14";0;0;19.6875;0;16.875;5.625;0;2.8125;2.8125;5.625;0;11.25;45;11.25;0;0;0;0;73.125;5.625;0;2.8125;0;0;14.0625;0;0;0;14.0625;0;0;5.625;5.625;0;0;0;2.8125;0;0;0;19.6875;0;0;0;0;0;0;0;2.8125;0;0;0;0;0;0;0;0;0;39.375;0;0;0;0;0;0;2.8125;0;0;0;0;0;0;0;0;0;0;0;0;0;0;0;0;0;0;0;0;0;0;0;0;0;2.8125;0;0;0;0;0;0;0;0;0;0;0;0;0;0;0;0;0;0;0;0;0;0;0;0;0;0;0;2.8125;0;0;0;0;0;0;0;0;0;0;0;0;0;0;0;0;0;0;0;0;0;0;0;0;0;0;0;0;0;0;0;0;0;0;0;0;0;0;0;0;0;0;0;0;0;0;0;0;0;0;0;0;0;0;0;0;0;0;0;0;0;0;0;0;0;0;0;0;0;0;0;0;0;0
"#15";0;3.354545455;30.19090909;0;23.48181818;3.354545455;0;0;0;3.354545455;3.354545455;6.709090909;13.41818182;6.709090909;0;0;0;0;140.8909091;0;10.06363636;3.354545455;0;0;13.41818182;0;0;0;23.48181818;0;0;0;53.67272727;0;0;0;3.354545455;0;0;0;13.41818182;0;0;0;0;0;0;0;0;0;0;0;0;0;0;0;0;0;3.354545455;0;0;3.354545455;0;0;0;0;0;0;0;0;0;0;0;0;0;0;0;0;0;0;0;0;0;0;0;0;0;0;0;0;0;0;0;0;0;0;0;0;0;0;3.354545455;0;0;0;0;0;0;0;0;0;0;0;0;0;0;0;0;0;0;0;0;0;3.354545455;0;0;0;0;0;0;0;0;0;0;0;0;0;0;0;0;0;0;0;0;0;0;0;0;0;0;0;0;0;0;0;0;0;0;0;0;0;0;0;0;0;0;0;0;0;0;0;0;0;0;0;0;0;0;0;0;0;0;0;0;0;0;0;0;0;0;0;0;0;0;0
"#16";0;0;133.1034483;0;0;0;0;0;0;13.31034483;0;0;26.62068966;86.51724138;0;0;0;6.655172414;0;6.655172414;6.655172414;0;0;0;6.655172414;0;0;0;0;0;0;6.655172414;13.31034483;0;0;6.655172414;6.655172414;0;0;0;26.62068966;0;0;0;0;93.17241379;0;0;0;0;0;0;0;19.96551724;0;0;0;0;0;259.5517241;0;39.93103448;0;0;0;6.655172414;0;0;0;0;0;0;0;0;0;0;0;0;0;0;0;0;0;0;6.655172414;0;0;0;0;0;0;0;0;0;0;0;0;0;0;0;0;0;0;0;0;0;0;0;0;0;0;0;0;0;0;0;0;0;0;0;0;0;0;0;0;0;0;0;0;0;0;0;0;0;0;0;0;0;0;0;0;0;0;0;0;0;0;0;0;0;0;0;0;0;0;0;0;0;0;0;0;0;0;0;0;0;0;0;0;0;0;0;0;0;0;0;0;0;0;0;0;0;0;0;0;0;0;0;0;0;0;0;0;0
"#17";0;14.41071429;136.9017857;0;64.84821429;0;0;0;0;129.6964286;0;0;43.23214286;50.4375;0;0;0;0;7.205357143;7.205357143;0;0;0;0;14.41071429;0;0;0;43.23214286;0;0;14.41071429;21.61607143;7.205357143;0;0;0;72.05357143;0;0;43.23214286;0;0;21.61607143;0;0;0;0;0;0;0;0;0;28.82142857;0;0;0;0;0;21.61607143;0;21.61607143;0;0;0;0;0;0;0;0;0;0;0;0;0;0;0;0;0;0;0;0;0;7.205357143;0;0;0;0;0;0;0;14.41071429;0;0;0;0;0;0;0;0;0;0;0;0;0;0;0;0;0;0;0;0;0;0;0;0;0;0;0;0;14.41071429;0;0;0;0;0;0;0;0;0;0;0;0;0;0;7.205357143;0;0;0;0;0;0;0;0;0;0;0;0;0;0;0;0;0;0;0;0;0;0;0;0;0;0;0;0;0;0;0;0;0;0;0;0;0;0;0;0;0;0;0;0;0;0;0;0;0;0;0;0;0;0;0;0;0;0
"#18";0;0;0;51.69642857;31.01785714;0;0;0;10.33928571;10.33928571;0;0;0;0;0;0;0;0;10.33928571;237.8035714;113.7321429;0;0;103.3928571;10.33928571;0;0;0;51.69642857;237.8035714;10.33928571;41.35714286;0;0;0;0;0;134.4107143;0;0;0;0;41.35714286;10.33928571;0;0;0;0;0;0;0;0;0;0;10.33928571;0;0;0;0;0;0;0;0;0;0;0;0;0;10.33928571;0;0;0;0;0;0;0;0;0;0;0;10.33928571;0;0;0;0;10.33928571;0;0;0;0;0;0;0;0;0;0;0;0;0;0;0;0;0;0;0;0;0;0;0;0;0;0;0;0;0;0;0;0;0;0;0;0;0;0;0;0;0;0;0;0;0;0;0;0;0;0;0;0;0;0;0;10.33928571;0;0;0;0;0;0;0;0;0;0;0;0;0;0;0;0;0;0;0;0;0;0;0;0;0;0;0;0;0;0;0;0;0;0;0;0;0;0;0;0;0;0;0;0;0;0;0;0;0;0;0;0
"#19";0;0;10.10810811;3.369369369;138.1441441;0;0;3.369369369;0;6.738738739;0;0;13.47747748;3.369369369;0;3.369369369;0;0;0;3.369369369;0;0;0;10.10810811;0;0;16.84684685;0;87.6036036;3.369369369;0;3.369369369;0;0;0;0;23.58558559;13.47747748;0;0;0;0;0;0;0;0;0;0;0;0;16.84684685;0;0;0;0;0;0;0;3.369369369;0;0;0;0;0;0;0;0;0;0;0;0;0;0;0;0;0;0;0;0;0;0;0;0;0;0;3.369369369;0;0;0;0;0;3.369369369;0;0;3.369369369;0;0;0;0;0;0;0;0;0;0;0;0;0;0;0;0;0;0;0;0;0;0;0;0;0;0;0;0;0;0;0;0;0;0;0;0;0;0;0;0;0;0;0;0;0;0;0;0;0;0;0;0;0;0;0;0;0;0;0;0;0;0;0;0;0;0;0;0;0;0;0;0;0;0;0;0;0;0;0;0;0;0;0;0;0;0;0;0;0;0;0;0;0;0;0;0;0;0;0
"#20";0;15.70434783;133.4869565;0;86.37391304;0;0;0;0;149.1913043;0;0;7.852173913;7.852173913;0;15.70434783;0;7.852173913;7.852173913;62.8173913;7.852173913;0;0;0;15.70434783;7.852173913;47.11304348;0;31.40869565;0;0;15.70434783;47.11304348;0;0;0;0;0;0;0;0;0;0;0;0;117.7826087;0;0;0;0;7.852173913;0;0;31.40869565;0;0;0;0;0;23.55652174;0;23.55652174;0;0;0;0;0;0;0;0;15.70434783;0;0;0;0;0;0;0;0;0;0;0;0;0;0;0;0;0;0;0;7.852173913;0;0;0;0;0;0;0;0;0;0;0;0;0;0;0;0;0;0;0;0;0;0;0;0;0;0;0;0;0;0;0;0;0;0;0;0;0;0;0;0;0;0;0;0;0;0;0;0;0;0;0;0;0;0;0;0;0;0;0;0;7.852173913;0;0;0;0;0;0;0;0;0;0;0;0;0;0;0;0;0;0;0;0;0;0;0;0;0;0;0;0;0;0;0;0;0;0;0;0;0;0;0;0;0;0
"#21";0;0;0;140;50;10;0;0;10;0;0;0;0;30;0;0;0;0;0;100;0;0;0;0;10;0;0;0;40;0;0;60;10;0;0;0;0;250;0;0;0;0;150;0;0;0;10;0;0;0;0;0;0;0;0;0;0;0;0;0;0;0;0;0;20;120;0;0;0;0;0;0;0;0;0;0;0;0;0;0;20;0;0;0;0;0;0;0;0;0;0;0;0;0;0;0;0;0;0;0;0;0;0;0;0;0;0;0;0;0;0;0;0;0;0;0;0;0;0;0;0;0;0;0;0;0;0;0;0;0;0;0;0;0;0;0;0;0;0;0;0;0;0;0;0;0;0;0;0;0;0;0;0;0;0;0;0;0;0;0;0;0;0;0;0;0;0;0;0;0;0;0;0;0;0;0;0;0;0;0;0;0;0;0;0;0;0;0;0;0;0;0;0;0
"#22";0;0;0;128.5343137;9.887254902;0;0;0;0;0;0;0;0;9.887254902;0;0;0;0;0;316.3921569;0;59.32352941;0;108.7598039;0;0;0;0;29.66176471;9.887254902;286.7303922;49.43627451;0;0;0;0;0;454.8137255;0;0;0;0;158.1960784;9.887254902;0;0;0;0;0;0;0;79.09803922;0;0;9.887254902;0;0;0;0;0;0;0;0;0;69.21078431;29.66176471;0;0;19.7745098;0;0;0;0;0;9.887254902;0;0;0;0;0;9.887254902;0;0;19.7745098;0;0;88.98529412;0;0;0;0;0;0;0;0;0;0;0;0;0;0;0;0;0;0;0;0;0;0;0;39.54901961;0;0;0;0;0;0;0;0;0;0;0;0;0;0;0;0;0;0;0;0;0;0;0;0;0;0;0;0;0;0;0;0;0;0;0;0;0;0;0;0;0;0;0;0;0;0;0;0;0;0;0;0;9.887254902;0;0;0;0;0;0;0;0;0;0;0;0;0;0;0;0;0;0;0;0;0;0;0;0;0;0;0;0;0;0
"#23";62.75423729;25.10169492;0;0;200.8135593;0;0;0;0;0;0;0;0;0;0;0;0;163.1610169;0;87.8559322;12.55084746;0;37.65254237;0;12.55084746;12.55084746;62.75423729;0;62.75423729;0;75.30508475;0;50.20338983;0;0;0;12.55084746;12.55084746;0;0;0;0;25.10169492;0;0;0;0;0;25.10169492;0;12.55084746;12.55084746;351.4237288;0;0;0;0;0;12.55084746;0;0;0;0;0;0;0;0;0;0;0;0;0;0;0;25.10169492;0;0;0;0;0;0;0;0;25.10169492;0;0;25.10169492;0;0;0;0;12.55084746;0;0;0;25.10169492;0;0;0;0;0;0;0;0;0;0;0;0;0;0;12.55084746;0;0;12.55084746;0;0;0;0;0;0;0;0;0;0;0;0;12.55084746;0;0;0;0;0;0;0;0;0;0;0;0;0;0;0;0;0;0;0;0;0;0;0;0;0;0;0;0;0;0;0;0;0;0;0;0;0;0;0;0;0;0;0;0;0;0;0;0;0;0;0;0;0;0;0;0;0;0;0;0;0;0;0;0;0;0;0
"#24";0;46.34862385;0;3.862385321;100.4220183;0;0;0;0;0;0;0;7.724770642;0;0;3.862385321;0;30.89908257;3.862385321;0;0;3.862385321;46.34862385;0;7.724770642;3.862385321;27.03669725;0;30.89908257;0;0;0;27.03669725;0;0;0;0;0;0;0;0;0;0;0;3.862385321;0;15.44954128;0;3.862385321;0;23.17431193;0;7.724770642;0;0;0;0;0;0;0;0;0;0;0;0;0;0;0;3.862385321;0;0;0;0;0;0;0;0;0;0;0;0;0;0;0;0;0;0;0;0;0;0;11.58715596;0;0;0;0;0;3.862385321;0;0;0;0;0;0;0;0;0;0;0;0;0;0;0;0;0;0;0;0;0;0;0;0;0;0;0;0;0;0;0;0;0;0;0;0;0;0;0;0;0;0;0;0;0;0;0;0;0;0;0;0;0;0;0;0;0;0;0;0;0;0;0;0;0;0;0;0;0;0;0;0;0;0;0;0;0;0;0;0;0;0;0;0;0;0;3.862385321;0;0;0;0;0;0;0;0;0
"#25";43.14285714;250.2285714;0;0;60.4;0;17.25714286;0;17.25714286;0;8.628571429;0;8.628571429;0;0;8.628571429;0;60.4;43.14285714;17.25714286;0;0;34.51428571;0;8.628571429;25.88571429;103.5428571;17.25714286;8.628571429;0;0;8.628571429;69.02857143;0;0;0;8.628571429;0;0;0;0;0;0;0;0;0;8.628571429;0;0;0;34.51428571;0;0;0;25.88571429;0;0;0;0;0;0;0;0;0;0;0;0;0;0;0;0;0;0;0;0;0;0;0;0;0;0;0;0;0;0;0;0;0;0;0;0;0;0;8.628571429;8.628571429;0;0;0;0;0;0;0;0;0;0;0;0;0;0;0;0;0;0;0;0;0;0;0;0;0;0;0;0;0;0;0;0;0;0;0;0;0;0;0;0;0;0;0;0;0;0;0;0;0;0;0;0;0;0;0;0;0;0;0;0;0;0;0;0;0;0;0;0;0;0;0;0;0;0;0;0;0;0;0;0;0;0;0;0;0;0;0;0;0;0;0;0;0;0;0;0;0;0;0
"#28";470.2514286;51.11428571;51.11428571;20.44571429;20.44571429;71.56;255.5714286;20.44571429;51.11428571;0;143.12;0;10.22285714;0;132.8971429;0;0;0;20.44571429;10.22285714;0;0;61.33714286;0;0;92.00571429;122.6742857;30.66857143;0;0;0;0;0;0;40.89142857;0;10.22285714;0;0;40.89142857;0;0;0;0;0;0;10.22285714;0;0;10.22285714;0;0;0;0;10.22285714;0;0;10.22285714;0;0;0;0;0;0;0;0;0;0;0;0;0;0;0;0;0;0;0;0;0;0;0;0;10.22285714;0;0;0;0;0;0;0;0;0;0;10.22285714;0;0;0;0;0;0;0;0;0;0;0;0;0;0;0;0;0;0;0;0;0;0;0;0;0;0;0;0;0;0;0;0;0;0;0;0;0;0;0;0;0;0;0;0;0;0;0;0;0;0;0;0;0;0;0;0;0;0;0;0;0;0;0;0;0;0;0;0;0;0;0;0;0;0;0;0;0;0;0;0;0;0;0;0;0;0;0;0;0;0;0;0;0;0;0;0;0;0;0;0
"#29";297.295082;39.63934426;19.81967213;59.45901639;0;79.27868852;69.36885246;19.81967213;29.7295082;0;29.7295082;0;0;0;59.45901639;0;0;0;19.81967213;0;0;29.7295082;59.45901639;0;0;79.27868852;59.45901639;59.45901639;0;0;0;0;0;0;9.909836066;0;9.909836066;0;9.909836066;9.909836066;0;0;0;0;0;0;19.81967213;0;0;0;0;0;0;0;0;0;0;9.909836066;0;0;9.909836066;0;19.81967213;0;0;0;0;0;0;0;0;0;0;0;19.81967213;0;0;9.909836066;0;9.909836066;0;0;9.909836066;0;0;0;0;0;0;0;0;0;0;0;0;29.7295082;0;0;0;0;0;0;0;0;0;0;0;0;0;0;0;0;0;0;0;0;0;0;0;9.909836066;0;0;0;0;0;0;0;0;0;0;0;0;0;0;0;0;0;0;0;0;0;0;0;0;0;0;0;0;0;0;0;0;0;0;0;0;0;0;0;0;0;0;9.909836066;0;0;0;0;0;0;0;0;0;0;0;0;0;0;0;0;0;0;0;0;0;0;0;0;0;0;0;0;0;0;0
"#30";446.5588235;79.38823529;49.61764706;39.69411765;0;168.7;79.38823529;9.923529412;9.923529412;0;198.4705882;0;0;0;129.0058824;0;0;0;0;0;0;9.923529412;138.9294118;0;0;59.54117647;49.61764706;39.69411765;0;0;0;9.923529412;0;0;59.54117647;0;9.923529412;0;0;0;0;0;0;0;0;0;9.923529412;0;0;9.923529412;0;0;0;0;0;0;0;0;0;0;0;0;9.923529412;0;0;0;0;0;0;0;0;0;0;0;0;0;0;9.923529412;0;19.84705882;0;0;9.923529412;0;0;0;0;0;0;0;0;0;0;0;0;19.84705882;0;0;0;0;0;0;0;0;0;0;0;0;0;0;0;0;0;0;0;0;0;9.923529412;0;0;0;0;0;0;0;0;0;0;0;0;0;0;0;0;0;0;0;0;0;0;0;0;0;0;0;0;0;0;0;0;0;0;0;0;0;0;0;0;0;0;0;0;0;0;0;0;0;0;0;0;0;0;0;0;0;0;0;0;0;0;0;0;0;0;0;0;0;0;0;0;0;0;0;0
"#31";70.08;376.68;26.28;8.76;8.76;26.28;43.8;8.76;0;0;8.76;0;0;0;26.28;0;0;0;0;0;0;0;166.44;0;0;26.28;8.76;0;0;0;0;0;0;0;8.76;0;0;0;0;0;0;0;0;0;0;0;17.52;0;0;0;0;0;0;0;17.52;0;0;0;0;0;0;0;0;0;0;0;0;0;0;8.76;0;0;0;0;0;0;0;0;0;8.76;0;0;0;0;0;0;0;0;0;0;0;0;0;8.76;0;0;0;0;0;0;0;0;0;0;0;0;0;0;0;0;0;0;0;0;0;0;0;0;0;0;0;0;0;0;0;0;0;0;0;0;0;0;0;0;0;0;0;0;0;0;0;0;0;0;0;0;0;0;0;0;0;0;0;0;0;0;0;0;0;0;0;0;0;0;0;0;0;0;0;0;0;0;0;0;0;0;0;0;0;0;0;0;0;0;0;0;0;0;0;0;0;0;0;0
"#32";363.15;70.6125;20.175;191.6625;0;60.525;131.1375;121.05;50.4375;0;161.4;0;0;10.0875;80.7;0;0;0;0;0;0;10.0875;0;0;10.0875;50.4375;30.2625;40.35;0;0;0;10.0875;0;0;60.525;0;0;0;0;0;0;0;0;0;0;0;20.175;0;0;40.35;0;0;0;0;0;0;0;0;0;0;0;0;0;0;0;0;10.0875;0;0;10.0875;0;0;0;0;10.0875;0;0;0;0;0;0;0;0;0;0;0;0;0;0;0;0;0;0;0;0;0;0;0;0;0;0;0;0;0;0;0;0;0;0;10.0875;0;0;0;0;0;0;0;0;0;0;0;0;10.0875;0;0;10.0875;0;0;0;20.175;0;0;0;0;0;0;0;0;0;0;0;0;0;0;0;0;0;0;0;0;0;0;0;0;0;0;0;0;0;0;0;0;0;0;0;0;0;0;0;0;0;0;0;0;0;0;0;0;0;0;0;0;0;0;0;0;0;0;0;0;0;0;0;0
"#33";57.78688525;0;9.631147541;134.8360656;0;96.31147541;38.52459016;77.04918033;28.89344262;0;144.4672131;0;0;0;134.8360656;0;0;0;0;0;0;28.89344262;38.52459016;0;9.631147541;57.78688525;9.631147541;48.1557377;0;0;0;9.631147541;0;9.631147541;9.631147541;0;9.631147541;0;19.26229508;9.631147541;0;0;0;0;0;0;9.631147541;0;0;9.631147541;0;0;0;0;0;0;0;19.26229508;0;0;19.26229508;9.631147541;28.89344262;0;0;0;0;0;0;9.631147541;0;0;0;0;9.631147541;0;0;9.631147541;0;0;0;0;0;0;0;0;0;0;0;0;0;0;0;0;0;0;0;0;0;0;0;0;0;0;9.631147541;9.631147541;0;0;0;9.631147541;0;0;0;0;0;0;0;9.631147541;0;0;0;0;0;0;0;19.26229508;0;9.631147541;0;0;0;0;0;0;0;0;0;0;0;0;0;0;0;0;0;0;0;0;0;0;0;0;0;0;0;0;0;0;0;0;0;0;0;0;0;0;0;0;0;0;0;0;0;0;0;0;0;0;0;0;0;0;0;0;0;0;0;0;0;0;0;0;0;0
"#34";30.19626168;110.7196262;40.26168224;20.13084112;0;50.3271028;50.3271028;70.45794393;0;0;10.06542056;0;10.06542056;10.06542056;20.13084112;0;0;0;0;0;0;40.26168224;40.26168224;0;0;40.26168224;30.19626168;0;0;0;0;10.06542056;30.19626168;0;70.45794393;0;0;0;30.19626168;130.8504673;0;0;0;0;0;0;0;0;20.13084112;0;0;0;0;0;0;0;0;20.13084112;0;0;10.06542056;0;0;0;0;0;30.19626168;0;0;80.52336449;0;0;0;0;0;0;0;0;0;10.06542056;0;0;0;0;30.19626168;0;0;0;0;0;0;0;0;0;0;0;0;10.06542056;0;0;0;0;0;0;0;0;0;0;0;0;0;0;0;0;0;0;0;10.06542056;0;0;0;0;0;0;0;0;0;0;0;0;0;0;0;0;0;0;0;0;0;0;0;0;0;0;0;0;0;0;0;0;0;0;0;0;0;0;0;0;0;0;0;10.06542056;0;0;0;0;0;0;0;0;0;0;0;0;0;0;0;0;0;0;0;0;0;0;0;0;0;0;0;0;0;0;0;0
"#35";85.28971963;94.76635514;47.38317757;56.85981308;0;66.3364486;180.0560748;0;9.476635514;0;66.3364486;0;0;0;18.95327103;9.476635514;0;0;0;0;0;9.476635514;56.85981308;0;0;9.476635514;9.476635514;37.90654206;0;0;0;0;9.476635514;0;28.42990654;0;9.476635514;0;28.42990654;0;0;0;0;0;0;0;18.95327103;0;0;9.476635514;0;0;0;0;0;0;0;0;0;0;9.476635514;0;9.476635514;0;0;0;0;47.38317757;0;18.95327103;0;0;0;0;0;0;0;0;0;18.95327103;0;0;18.95327103;0;0;0;0;0;0;0;9.476635514;0;0;0;0;0;0;9.476635514;0;0;0;0;0;0;9.476635514;0;0;0;0;0;0;0;0;0;0;0;0;0;0;0;0;0;0;0;0;0;0;0;0;0;0;0;0;0;0;0;0;0;0;0;0;0;0;0;0;0;0;0;0;0;0;0;0;0;0;0;0;0;0;0;0;0;0;0;0;0;0;0;0;0;0;0;0;0;0;0;0;0;0;0;0;0;0;0;0;0;0;0;0;0;0;0;0;0
"#36";153.375;38.34375;28.7578125;95.859375;0;19.171875;220.4765625;19.171875;19.171875;0;115.03125;0;0;0;38.34375;0;0;0;0;0;0;0;67.1015625;0;0;19.171875;19.171875;76.6875;0;0;0;0;19.171875;0;47.9296875;0;9.5859375;0;38.34375;19.171875;0;0;9.5859375;0;0;0;38.34375;9.5859375;9.5859375;0;0;0;0;0;0;0;0;9.5859375;0;0;0;0;9.5859375;0;0;0;0;28.7578125;0;19.171875;0;0;0;0;0;0;0;0;0;0;0;0;19.171875;0;0;0;0;0;0;0;0;0;0;0;0;0;0;0;0;0;0;0;0;0;0;0;0;0;0;0;0;0;0;0;0;0;9.5859375;0;0;0;0;0;0;0;0;0;0;0;0;0;0;0;0;0;0;0;0;0;0;0;0;0;0;0;0;0;0;0;0;0;0;0;0;0;0;0;0;0;0;0;0;0;0;0;0;0;0;0;0;0;0;0;0;0;0;0;0;0;0;0;0;0;0;0;0;0;0;0;0;0;0;0;0;0
"#37";29.64335664;118.5734266;39.52447552;227.2657343;0;88.93006993;197.6223776;0;0;0;158.0979021;0;9.881118881;0;39.52447552;0;0;0;0;0;0;29.64335664;49.40559441;0;0;29.64335664;29.64335664;59.28671329;0;0;0;0;9.881118881;0;39.52447552;0;0;0;88.93006993;29.64335664;0;0;0;0;0;0;9.881118881;0;0;0;0;0;0;0;19.76223776;0;0;0;0;0;0;0;19.76223776;0;0;0;0;39.52447552;0;19.76223776;0;0;0;0;0;0;0;0;0;9.881118881;0;0;0;0;0;0;0;0;0;0;0;0;0;0;0;0;0;9.881118881;0;0;0;0;0;0;0;0;0;0;0;9.881118881;0;0;0;0;0;0;0;0;0;0;0;0;0;0;0;0;0;0;0;0;0;0;0;0;0;0;0;0;0;0;0;0;0;0;0;0;0;0;0;0;0;0;0;0;0;0;0;0;0;0;0;0;0;0;0;0;0;0;0;0;0;0;0;0;0;0;0;0;0;0;0;0;0;0;0;0;0;0;0;0;0;0;0;0
"#38";0;0;0;1.050632911;1.050632911;1.050632911;0;0;0;0;0;0;0;0;0;0;0;0;0;4.202531646;0;0;0;0;0;0;0;0;1.050632911;10.50632911;0;0;0;0;0;2.101265823;0;0;0;0;0;0;4.202531646;0;0;0;0;0;0;0;0;0;0;0;0;0;0;0;2.101265823;0;0;0;0;0;0;0;0;0;0;0;0;0;0;0;0;0;0;0;0;0;3.151898734;0;0;0;0;0;0;0;0;0;0;0;0;0;0;0;0;0;0;0;8.405063291;0;0;0;3.151898734;0;0;0;0;0;0;0;0;2.101265823;0;0;0;0;0;0;0;0;0;0;1.050632911;0;0;0;0;0;0;0;0;0;0;0;0;9.455696203;0;0;0;0;0;0;0;0;0;0;0;0;0;0;9.455696203;1.050632911;0;0;0;0;0;0;0;0;0;0;0;0;0;0;8.405063291;0;0;0;7.35443038;0;0;0;0;0;0;0;0;0;0;1.050632911;0;0;0;0;0;0;1.050632911;0;0;0
"#39";0;0;0;0;0;0;0;0;0;1.042105263;0;0;0;3.126315789;0;0;0;0;0;76.07368421;0;0;0;0;2.084210526;0;0;0;0;0;0;0;0;0;0;5.210526316;0;0;0;0;0;0;0;0;0;0;0;0;0;0;0;0;0;0;0;0;0;0;2.084210526;0;0;0;0;0;0;0;0;0;0;0;0;0;0;0;3.126315789;0;0;0;0;0;0;0;0;0;0;0;0;0;0;0;0;0;0;0;0;0;0;0;0;0;0;0;0;0;0;0;0;0;0;0;0;0;0;3.126315789;0;0;0;0;0;0;0;0;0;0;0;0;0;0;0;0;0;0;0;0;0;0;0;0;0;0;0;1.042105263;0;0;0;0;0;0;0;0;0;0;0;0;0;0;0;0;0;0;0;0;0;0;0;0;0;0;0;0;0;0;0;0;0;0;0;0;0;0;0;0;0;0;0;0;0;0;0;0;0;0;1.042105263;1.042105263
"#40";0;7.305263158;0;3.652631579;0;0;0;0;0;3.652631579;0;18.26315789;36.52631579;18.26315789;0;25.56842105;0;0;0;7.305263158;0;0;0;0;0;0;0;0;0;0;0;0;29.22105263;0;0;3.652631579;0;0;0;0;0;0;0;0;0;0;0;0;0;0;0;0;0;0;0;0;0;0;0;7.305263158;0;0;0;14.61052632;0;0;0;0;0;0;0;0;36.52631579;0;0;0;0;0;0;0;0;0;0;0;0;0;0;0;0;0;0;0;0;0;0;0;0;0;0;0;0;0;0;29.22105263;0;0;0;0;0;0;0;0;0;0;43.83157895;18.26315789;0;0;0;0;0;0;0;0;0;0;0;0;0;0;0;0;0;0;0;0;3.652631579;0;0;0;0;0;0;0;0;0;0;0;0;0;0;0;0;0;0;0;0;0;0;10.95789474;0;0;0;0;0;0;0;0;0;7.305263158;0;0;0;7.305263158;7.305263158;0;0;0;0;0;0;0;0;0;0;0;3.652631579;3.652631579;0;0;0;0;0;0
"#41";0;0;11.4953271;0;34.48598131;15.3271028;0;0;0;134.1121495;0;72.80373832;38.31775701;34.48598131;0;11.4953271;0;0;3.831775701;7.663551402;0;0;0;0;3.831775701;0;0;0;0;0;0;3.831775701;0;0;0;19.1588785;0;0;0;0;0;0;0;0;0;0;0;0;0;0;3.831775701;0;0;0;0;0;0;0;0;0;0;0;0;3.831775701;0;0;0;0;0;0;0;3.831775701;7.663551402;0;0;0;0;0;0;0;0;0;0;0;0;0;0;0;0;0;0;0;0;0;0;0;0;0;0;0;0;0;0;0;0;0;0;0;0;0;0;0;0;0;0;0;0;0;0;0;0;0;0;0;0;0;0;0;0;0;0;0;0;0;0;0;0;0;0;0;0;0;0;0;0;0;0;0;0;0;0;0;0;0;0;0;0;0;0;0;0;0;0;0;0;0;0;0;0;0;0;0;0;0;0;0;0;0;0;0;0;0;0;0;0;0;0;0;0;0;0;0;0;0
"#42";0;10.75675676;0;7.171171171;75.2972973;39.44144144;0;0;3.585585586;0;0;10.75675676;100.3963964;7.171171171;0;7.171171171;0;0;0;0;3.585585586;0;10.75675676;0;0;0;0;0;0;0;0;0;35.85585586;0;0;14.34234234;0;0;0;0;0;0;0;0;0;0;0;0;0;0;0;0;0;0;0;0;0;0;32.27027027;3.585585586;0;0;0;32.27027027;0;0;0;0;0;0;0;0;3.585585586;0;0;0;0;0;0;0;0;0;0;0;0;0;0;0;0;0;0;0;0;0;0;0;0;0;0;0;0;0;0;0;0;0;0;0;0;0;0;0;0;0;0;0;0;0;0;0;0;0;0;0;0;0;0;0;0;0;0;0;0;0;0;0;0;0;0;0;0;0;0;0;0;0;0;0;0;0;0;0;0;0;0;0;0;0;0;0;0;0;0;0;0;0;0;0;0;0;0;0;0;0;0;0;0;0;0;0;0;0;0;0;0;0;0;0;0;0;0;0;0;0
"#43";0;0;2.130434783;1.065217391;6.391304348;5.326086957;0;0;0;15.97826087;0;9.586956522;1.065217391;6.391304348;0;2.130434783;0;0;1.065217391;4.260869565;0;0;0;0;0;0;0;0;2.130434783;0;0;0;0;0;0;13.84782609;0;0;0;0;0;0;0;0;0;0;0;0;0;0;0;0;0;0;0;1.065217391;0;0;1.065217391;2.130434783;0;0;0;5.326086957;0;0;0;0;0;0;0;0;2.130434783;0;0;0;0;0;0;0;0;0;0;0;0;0;0;0;0;0;0;0;0;0;0;0;0;0;0;0;0;0;0;1.065217391;0;0;0;0;0;0;0;0;0;0;5.326086957;0;0;0;0;0;0;0;0;0;0;0;0;0;0;0;0;0;0;0;0;0;0;0;0;0;0;0;0;0;0;0;0;0;0;0;0;0;0;0;0;0;0;0;0;0;1.065217391;0;0;0;0;0;0;0;0;1.065217391;0;0;0;0;0;1.065217391;0;1.065217391;0;0;0;0;0;3.195652174;0;1.065217391;0;0;0;0;0;0;0;0
"#44";0;28.84;0;0;16.48;0;0;0;0;4.12;0;4.12;70.04;16.48;0;103;0;0;0;0;0;0;28.84;0;16.48;0;0;0;0;0;0;0;0;28.84;0;115.36;0;0;0;0;0;0;0;0;0;0;0;0;0;0;0;0;0;0;0;0;0;0;0;0;0;0;0;8.24;0;0;0;0;0;0;0;4.12;49.44;0;0;0;0;0;0;0;0;0;0;0;0;0;0;0;0;8.24;0;0;0;0;0;0;0;0;0;0;0;0;0;0;0;0;0;0;0;0;0;0;0;0;0;8.24;0;0;0;0;0;0;0;0;0;0;0;0;0;0;0;0;0;0;0;0;0;0;0;0;0;0;0;0;0;0;0;0;0;0;0;4.12;0;0;0;0;0;0;0;0;0;0;0;0;0;0;0;0;0;0;0;0;0;0;0;0;0;0;0;0;0;0;0;0;0;0;0;0;0;0;0;0;0;0
"#45";0;0;77.90151515;0;0;0;0;0;0;41.9469697;0;11.98484848;173.780303;149.8106061;0;41.9469697;0;0;0;5.992424242;5.992424242;0;0;0;0;0;0;0;0;0;0;0;0;233.7045455;0;0;0;0;0;0;0;0;0;0;0;11.98484848;0;0;0;0;0;0;0;0;0;17.97727273;0;0;0;0;0;0;0;0;0;0;0;0;0;0;0;0;0;0;0;0;0;0;0;0;0;0;0;0;5.992424242;0;0;0;0;0;0;0;0;0;0;0;0;0;0;0;0;0;0;0;0;0;0;0;0;0;0;0;0;0;0;0;0;0;11.98484848;0;0;0;0;0;0;0;0;0;0;0;0;0;0;0;0;0;0;0;0;0;0;0;0;0;0;0;0;0;0;0;0;0;0;0;0;0;0;0;0;0;0;0;0;0;0;0;0;0;0;0;0;0;0;0;0;0;0;0;0;0;0;0;0;0;0;0;0;0;0;0;0;0;0;0
"#46";0;29.6557377;168.0491803;0;14.82786885;0;0;0;0;34.59836066;0;0;88.96721311;148.2786885;0;49.42622951;0;0;0;0;4.942622951;0;0;0;0;0;0;0;0;0;0;0;0;4.942622951;0;0;0;0;0;0;0;0;0;0;0;29.6557377;0;0;0;0;4.942622951;0;0;0;0;9.885245902;0;0;0;0;0;0;0;0;0;0;0;0;0;0;0;0;4.942622951;0;0;0;0;0;0;0;0;0;0;0;0;4.942622951;0;0;0;4.942622951;0;0;0;0;0;0;0;0;0;0;0;0;0;0;0;0;0;0;0;0;0;0;0;0;0;0;0;0;0;0;0;0;0;0;0;0;0;0;0;0;0;0;0;0;0;0;0;0;0;0;0;0;0;0;0;0;0;0;0;0;0;0;0;0;0;0;0;0;0;0;0;0;0;0;0;0;0;0;0;0;0;0;0;0;0;0;0;0;0;0;0;0;0;0;0;0;0;0;0;0;0;0;0;0
"#47";0;7.606837607;57.05128205;0;114.1025641;7.606837607;0;0;0;76.06837607;11.41025641;26.62393162;26.62393162;53.24786325;0;7.606837607;0;0;0;0;0;0;0;0;0;0;0;0;3.803418803;0;0;0;3.803418803;0;0;15.21367521;0;0;0;0;0;0;0;0;0;7.606837607;0;0;0;0;0;0;0;0;0;0;0;0;0;0;0;0;0;7.606837607;0;0;0;0;0;0;0;0;3.803418803;0;7.606837607;0;0;0;0;0;0;0;0;0;0;0;0;0;0;0;0;0;0;0;0;0;0;0;0;0;0;0;0;0;0;0;0;0;0;0;0;0;0;0;0;3.803418803;0;0;0;0;0;0;0;0;0;0;0;0;0;0;0;0;0;0;0;0;0;0;0;0;0;0;0;0;0;0;0;0;0;0;3.803418803;0;0;0;0;0;0;0;0;0;0;0;0;0;0;0;0;0;0;0;0;0;0;0;0;0;0;0;0;0;0;0;0;0;0;0;0;0;0;0;0;0;0;0
"#48";0;14.32258065;21.48387097;0;82.35483871;0;0;0;0;93.09677419;0;3.580645161;32.22580645;21.48387097;0;7.161290323;0;0;7.161290323;3.580645161;3.580645161;0;0;0;3.580645161;0;0;0;10.74193548;0;0;0;21.48387097;3.580645161;0;0;0;0;0;0;0;0;0;0;3.580645161;64.4516129;3.580645161;0;0;0;0;0;0;0;0;3.580645161;0;0;0;0;0;0;0;10.74193548;0;0;0;0;0;0;0;0;14.32258065;0;0;0;0;0;0;0;0;0;0;0;3.580645161;0;0;0;0;7.161290323;0;0;0;0;0;0;0;0;0;0;0;0;0;0;0;0;0;0;0;0;0;0;0;0;0;3.580645161;0;0;0;0;0;0;0;0;0;0;0;0;0;0;0;0;0;0;0;0;0;0;0;0;0;0;0;0;0;0;0;0;0;0;0;0;0;0;0;0;0;0;0;0;0;0;0;0;0;0;0;0;0;0;0;0;0;0;0;0;0;0;0;0;0;0;0;0;0;0;0;0;0;0;0;0;0;0
"#49";0;20.064;60.192;0;30.096;0;0;0;0;65.208;0;0;15.048;100.32;0;185.592;0;0;0;0;0;0;0;0;0;0;0;0;0;0;0;5.016;5.016;65.208;0;0;0;0;0;0;0;0;0;0;0;0;0;0;0;0;10.032;0;0;35.112;0;0;0;0;0;0;0;0;0;0;0;0;0;0;0;0;0;0;0;0;0;0;0;0;0;0;0;0;0;0;0;0;0;0;0;5.016;0;0;0;0;0;0;0;0;0;0;0;0;0;0;0;0;0;0;0;0;0;0;0;0;0;0;0;0;10.032;0;0;0;0;0;0;0;0;0;0;0;0;0;0;0;0;10.032;0;0;0;0;0;0;0;0;0;0;0;0;0;0;0;0;0;0;0;0;0;0;0;0;0;0;0;0;0;0;0;0;0;0;0;0;0;0;0;0;0;5.016;0;0;0;0;0;0;0;0;0;0;0;0;0;0;0;0
"#50";0;9.129032258;401.6774194;0;18.25806452;0;0;0;0;127.8064516;0;0;36.51612903;73.03225806;0;9.129032258;0;0;0;0;0;0;0;0;0;0;0;0;27.38709677;0;0;9.129032258;0;27.38709677;0;0;0;0;0;0;0;0;0;0;0;228.2258065;0;0;0;0;0;0;0;9.129032258;0;91.29032258;0;0;0;0;0;0;0;9.129032258;0;0;0;0;0;0;0;0;0;0;0;0;0;0;0;0;0;0;0;0;27.38709677;0;0;0;0;18.25806452;0;0;0;0;0;0;0;0;0;0;0;0;0;0;0;0;0;0;0;0;0;0;0;0;0;0;0;0;0;0;0;0;0;0;0;0;0;0;0;0;0;0;0;0;0;0;0;0;0;0;0;0;0;0;0;0;0;0;0;0;0;0;0;0;0;0;0;0;0;0;9.129032258;0;0;0;0;0;0;0;0;0;0;0;0;0;0;0;0;0;0;0;0;0;0;0;0;0;0;0;0;0;0;0;0;0
"#51";0;0;156.1008403;0;253.6638655;0;0;0;39.02521008;130.0840336;0;6.504201681;13.00840336;71.54621849;0;0;0;0;0;0;0;0;0;0;0;6.504201681;0;0;32.5210084;0;0;13.00840336;0;0;0;0;0;0;0;0;0;0;0;0;0;0;0;0;0;0;0;0;0;0;0;6.504201681;6.504201681;0;0;6.504201681;0;0;0;6.504201681;0;0;0;0;0;0;0;6.504201681;0;0;0;0;0;0;0;0;0;0;0;0;6.504201681;6.504201681;0;0;0;6.504201681;0;0;0;0;0;0;0;0;0;0;0;0;0;0;0;0;0;0;0;0;0;0;0;0;0;0;0;0;0;0;0;0;0;0;0;0;0;0;0;0;0;0;0;0;0;0;0;0;0;0;0;0;0;0;0;0;0;0;0;0;0;0;0;0;0;0;0;0;0;0;0;0;0;0;0;0;0;0;0;0;0;0;0;0;0;0;0;0;0;0;0;0;0;0;0;0;0;0;0;0;0;0;0;0
"#52";0;63.11811024;55.22834646;7.88976378;110.4566929;55.22834646;0;0;39.4488189;142.015748;0;0;23.66929134;15.77952756;0;7.88976378;0;39.4488189;0;0;7.88976378;0;0;0;102.5669291;7.88976378;0;0;0;0;0;7.88976378;165.6850394;7.88976378;0;0;0;0;0;0;7.88976378;0;0;0;7.88976378;15.77952756;7.88976378;0;0;0;23.66929134;0;0;15.77952756;0;31.55905512;0;0;0;0;0;7.88976378;0;0;0;0;0;0;0;0;0;0;0;0;0;0;0;0;0;0;0;0;0;0;0;0;0;0;0;7.88976378;0;0;0;0;0;0;0;7.88976378;0;0;0;0;0;0;0;0;0;0;0;0;0;0;0;0;0;0;0;0;0;0;0;0;0;0;0;0;0;0;0;0;0;0;0;0;0;0;0;0;0;0;0;7.88976378;0;0;0;0;0;0;0;0;0;0;0;0;0;0;0;0;0;0;0;0;0;0;0;0;0;0;0;0;0;0;0;0;0;0;0;0;0;0;0;0;0;0;0;0;0;0;0;0;0;0;0;0
"#53";0;0;132.275;0;0;0;0;3.391666667;3.391666667;10.175;0;0;44.09166667;37.30833333;0;0;0;0;16.95833333;0;0;44.09166667;0;0;0;0;0;0;0;0;0;0;3.391666667;0;0;0;0;0;0;0;6.783333333;0;0;0;0;54.26666667;0;0;0;3.391666667;0;0;0;0;0;0;0;0;0;10.175;0;16.95833333;0;0;0;0;0;0;0;0;0;0;0;0;0;0;0;0;0;0;0;0;0;0;0;0;0;0;0;0;13.56666667;0;0;0;0;0;0;0;0;0;0;0;0;0;0;0;0;0;0;0;0;0;0;0;0;0;0;0;0;0;6.783333333;0;0;0;0;0;0;0;0;0;0;0;0;0;0;0;0;0;0;0;0;0;0;0;0;0;0;0;0;0;0;0;0;0;0;0;0;0;0;0;0;0;0;0;0;0;0;0;0;0;0;0;0;0;0;0;0;0;0;0;0;0;0;0;0;0;0;0;0;0;0;0;0;0
"#54";0;12.75630252;44.64705882;6.378151261;82.91596639;0;0;12.75630252;6.378151261;108.4285714;0;51.02521008;57.40336134;38.26890756;0;6.378151261;0;70.15966387;19.13445378;0;0;57.40336134;0;0;44.64705882;0;0;0;19.13445378;0;0;6.378151261;6.378151261;0;0;0;6.378151261;0;0;0;6.378151261;0;0;0;0;0;12.75630252;0;0;0;38.26890756;0;0;6.378151261;0;6.378151261;0;0;0;0;0;6.378151261;0;0;6.378151261;0;0;0;0;0;0;0;0;0;0;0;0;0;0;0;0;0;0;0;0;0;0;0;0;6.378151261;0;6.378151261;0;0;0;0;0;0;0;0;0;0;0;0;0;0;0;0;0;0;0;0;0;0;0;0;0;0;0;0;0;0;0;0;0;0;0;0;0;0;0;0;0;0;0;0;0;6.378151261;0;0;0;0;0;0;0;0;0;0;0;0;0;0;0;0;0;0;0;0;0;0;0;0;0;0;0;0;0;0;0;0;0;0;0;0;0;0;0;0;0;0;0;0;0;0;0;0;0;0;0;0;0;0;0;0
"#55";0;7.056;0;14.112;49.392;0;0;0;98.784;28.224;7.056;7.056;0;7.056;0;0;0;35.28;7.056;141.12;296.352;0;0;0;0;0;7.056;0;7.056;21.168;0;21.168;0;0;0;0;0;0;0;0;0;0;0;0;0;0;0;0;0;0;0;0;0;7.056;0;0;105.84;0;0;0;0;0;0;0;0;7.056;0;0;0;0;0;0;0;0;0;0;0;0;0;0;0;0;0;7.056;0;0;0;0;0;0;0;0;0;0;0;0;0;0;0;0;0;0;0;0;0;0;0;0;0;0;0;0;0;0;0;0;0;0;0;0;0;0;0;0;0;0;0;0;0;0;0;0;0;0;0;0;0;0;0;0;0;0;0;0;0;0;0;0;0;0;0;0;0;0;0;0;0;0;0;0;0;0;0;0;0;0;0;0;0;0;0;0;0;0;0;0;0;0;0;0;0;0;0;0;0;0;0;0;0;0;0;0;0;0
"#56";0;6.179487179;0;12.35897436;123.5897436;6.179487179;0;12.35897436;18.53846154;43.25641026;0;49.43589744;6.179487179;12.35897436;0;0;0;6.179487179;6.179487179;86.51282051;37.07692308;55.61538462;0;0;12.35897436;0;0;0;30.8974359;0;0;24.71794872;6.179487179;0;0;0;6.179487179;0;0;0;0;0;0;0;0;0;0;0;0;0;55.61538462;0;0;0;0;0;67.97435897;0;0;0;0;0;0;0;0;12.35897436;0;0;0;0;0;0;0;0;0;0;0;0;0;0;0;0;0;0;0;0;0;0;0;0;24.71794872;0;0;0;0;0;0;0;0;0;0;0;0;0;0;0;0;0;0;0;0;0;0;0;0;0;0;0;0;0;0;0;0;0;0;0;0;0;0;0;0;0;0;0;0;0;0;0;0;0;0;0;0;0;0;0;0;0;0;0;0;0;0;0;0;0;0;0;0;0;0;0;0;0;0;0;0;0;0;0;0;0;0;0;0;0;0;0;0;0;0;0;0;0;0;0;0;0;0;0;0;0;0;0
"#57";0;61.91596639;139.3109244;0;139.3109244;0;0;0;0;123.8319328;0;0;15.4789916;46.43697479;0;7.739495798;0;46.43697479;30.95798319;46.43697479;0;23.21848739;0;0;23.21848739;0;23.21848739;0;38.69747899;0;0;15.4789916;15.4789916;0;0;0;0;0;0;0;0;0;0;0;0;7.739495798;0;0;0;0;7.739495798;0;0;54.17647059;0;0;0;0;0;7.739495798;0;7.739495798;0;0;0;0;0;0;0;0;0;0;0;0;0;0;0;0;0;0;0;0;0;0;0;0;0;0;0;0;38.69747899;0;0;0;0;0;0;0;0;0;0;0;0;0;0;0;0;0;0;0;0;0;0;0;0;0;0;0;0;0;0;0;0;0;0;0;0;0;0;0;0;0;0;0;0;0;0;0;0;0;0;0;0;0;0;0;0;0;0;0;0;0;0;0;0;0;0;0;0;0;0;0;0;0;0;0;0;0;0;0;0;0;0;0;0;0;0;0;0;0;0;0;0;0;0;0;0;0;0;0;0;0;0;0
"#58";0;0;0;49.02542373;30.16949153;11.31355932;0;0;79.19491525;0;0;7.542372881;0;3.771186441;0;0;0;0;0;33.94067797;90.50847458;0;0;0;0;0;0;0;3.771186441;0;0;18.8559322;0;0;0;0;0;0;0;0;0;0;0;0;0;0;0;0;0;0;0;0;0;0;0;0;37.71186441;0;0;0;0;0;0;0;11.31355932;11.31355932;0;0;0;0;0;0;0;33.94067797;0;0;0;0;0;0;11.31355932;0;0;0;0;0;0;0;0;0;0;0;0;0;0;0;0;0;0;0;0;0;0;0;0;0;0;0;0;0;0;0;0;0;0;0;0;0;0;0;0;0;0;0;0;0;0;0;0;0;0;0;0;0;0;0;0;0;0;0;0;0;0;0;0;0;0;0;0;0;0;0;0;11.31355932;0;0;0;0;0;0;0;0;0;0;0;0;0;0;0;0;0;0;0;0;0;0;0;0;0;0;0;0;0;0;0;0;0;0;0;0;0;0;0;0
"#59";8.646153846;0;0;8.646153846;60.52307692;0;0;0;207.5076923;0;0;17.29230769;0;0;0;0;0;0;0;8.646153846;544.7076923;34.58461538;0;0;0;0;0;0;8.646153846;0;34.58461538;0;0;0;0;0;0;0;0;8.646153846;0;0;0;0;0;0;0;0;0;0;0;0;0;0;0;0;25.93846154;0;0;0;0;0;0;0;17.29230769;0;0;0;0;0;0;0;0;121.0461538;0;0;0;0;0;0;0;0;0;0;0;0;0;0;0;0;0;17.29230769;0;0;0;0;0;0;0;0;0;0;0;0;0;0;0;0;0;0;0;0;0;0;0;0;0;0;0;0;0;0;0;0;0;0;0;0;0;0;0;0;0;0;0;0;0;0;0;0;0;0;0;0;0;0;0;0;0;0;0;0;0;0;0;0;0;0;0;0;0;0;0;0;0;0;0;0;0;0;0;0;0;0;0;0;0;0;0;0;0;0;0;0;0;0;0;0;0;0;0;0;0;0
"#60";9.596899225;23.99224806;0;0;139.1550388;0;0;0;52.78294574;9.596899225;0;9.596899225;9.596899225;0;0;0;0;57.58139535;19.19379845;0;33.58914729;19.19379845;0;0;0;0;19.19379845;0;14.39534884;14.39534884;23.99224806;4.798449612;0;0;0;0;0;0;0;0;0;0;0;4.798449612;0;0;4.798449612;0;4.798449612;0;0;0;4.798449612;0;19.19379845;0;14.39534884;0;0;0;0;0;0;0;0;9.596899225;4.798449612;0;0;0;0;0;0;52.78294574;4.798449612;0;0;0;0;0;0;0;0;0;0;0;0;0;0;0;4.798449612;9.596899225;0;0;0;0;0;4.798449612;0;0;0;0;0;0;0;0;0;0;0;0;0;0;0;0;0;0;0;0;0;0;0;0;0;0;0;0;0;0;0;0;0;0;0;0;0;0;0;4.798449612;0;0;9.596899225;0;0;0;0;0;0;0;0;0;0;0;0;0;0;0;0;0;0;0;0;0;0;0;0;0;0;0;0;0;0;0;0;0;0;0;0;0;0;0;0;0;0;0;0;0;0;0;0;0;0;0;0;0
"#61";0;20.06557377;0;0;100.3278689;15.04918033;0;0;15.04918033;0;5.016393443;5.016393443;0;0;0;0;0;95.31147541;50.16393443;0;10.03278689;95.31147541;5.016393443;0;0;0;95.31147541;0;30.09836066;0;0;0;20.06557377;0;0;0;0;0;0;0;0;0;0;0;0;0;0;0;0;0;0;0;0;0;15.04918033;0;0;0;0;0;0;0;0;0;0;0;5.016393443;0;0;0;0;0;0;0;0;0;0;0;0;0;0;0;0;0;0;0;0;0;0;0;0;10.03278689;0;0;0;5.016393443;0;0;0;0;0;0;0;0;0;0;0;0;0;0;0;0;0;0;0;0;0;0;0;0;0;0;0;0;15.04918033;0;0;0;0;0;0;0;0;0;0;0;0;0;0;0;0;0;0;0;0;0;0;0;0;0;0;0;0;0;0;0;0;0;0;0;0;0;0;0;0;0;0;0;0;0;0;0;0;0;0;0;0;0;0;0;0;0;0;0;0;0;0;0;0;0;0;0;0;0
"#62";5.215384615;93.87692308;0;0;62.58461538;5.215384615;0;0;5.215384615;26.07692308;0;15.64615385;5.215384615;0;0;10.43076923;0;73.01538462;67.8;5.215384615;0;52.15384615;26.07692308;0;0;26.07692308;46.93846154;10.43076923;20.86153846;5.215384615;0;0;0;0;0;0;0;0;0;0;0;0;0;0;0;0;15.64615385;0;26.07692308;10.43076923;0;0;0;0;26.07692308;0;0;0;0;0;0;0;0;0;0;0;0;0;0;10.43076923;0;0;0;0;0;0;0;0;0;0;0;0;5.215384615;0;0;0;0;0;0;0;0;0;0;0;0;0;0;0;0;0;0;0;0;0;0;0;0;0;0;0;0;0;0;0;0;0;0;0;0;0;0;0;0;0;0;0;0;0;0;0;0;0;0;0;0;0;0;0;0;0;10.43076923;0;0;0;0;0;0;0;0;0;0;0;0;0;0;0;0;0;0;0;0;0;0;0;0;0;0;5.215384615;0;0;0;0;0;0;0;0;0;0;0;0;5.215384615;0;0;0;0;0;0;0;0;0;0;0;0;0
"#63";78;174;24;18;0;84;84;48;18;0;36;12;6;0;24;0;0;6;0;0;0;0;30;0;0;6;6;18;0;0;0;0;0;0;30;0;0;0;0;0;0;0;0;0;0;0;6;0;0;6;0;0;0;0;0;0;0;0;0;0;0;0;6;0;0;0;0;0;0;0;0;0;0;0;0;0;0;0;0;0;0;0;6;0;0;0;0;0;0;0;0;0;0;0;0;0;0;0;0;0;0;0;0;0;0;0;6;0;0;0;0;0;0;0;0;0;0;0;0;0;0;0;0;0;0;0;0;0;0;0;0;0;0;0;0;0;0;0;0;0;0;0;0;0;0;0;0;0;0;0;0;0;0;0;0;0;0;0;0;0;0;0;0;0;0;0;0;0;0;0;0;0;0;0;0;0;0;0;6;0;0;0;0;0;0;0;0;0;0;0;0;0;0;0
"#64";175.398374;76.2601626;15.25203252;15.25203252;30.50406504;144.8943089;38.1300813;0;0;0;91.51219512;0;0;0;30.50406504;0;0;0;53.38211382;0;0;0;15.25203252;0;0;45.75609756;45.75609756;22.87804878;0;0;0;7.62601626;0;0;0;0;15.25203252;0;0;0;0;0;0;0;0;0;7.62601626;0;0;30.50406504;0;0;0;0;15.25203252;0;0;7.62601626;0;0;0;0;0;0;0;0;0;15.25203252;0;7.62601626;0;0;0;7.62601626;15.25203252;0;0;0;0;0;0;0;7.62601626;0;0;0;0;0;0;0;0;0;0;0;0;0;0;0;0;0;0;0;0;0;0;0;0;0;0;0;0;0;0;0;0;0;0;0;0;0;0;0;0;0;0;0;0;0;0;0;0;0;0;0;0;0;0;0;0;0;0;0;0;0;0;0;0;0;0;0;0;0;0;0;0;0;0;0;0;0;0;0;0;0;0;0;0;0;0;0;0;0;0;0;0;0;0;0;0;0;0;0;0;0;0;0;0;0;0;0;0;0;0;0
"#66";24.609375;280.546875;83.671875;34.453125;0;9.84375;19.6875;14.765625;9.84375;0;9.84375;0;0;0;0;14.765625;0;0;0;0;0;0;24.609375;0;0;34.453125;14.765625;4.921875;0;0;0;0;4.921875;0;0;0;0;0;0;0;0;0;0;0;0;0;9.84375;0;0;0;0;0;0;0;0;0;0;4.921875;0;0;0;9.84375;0;0;0;0;0;0;0;14.765625;0;0;0;0;0;0;0;0;0;0;0;0;4.921875;0;0;0;0;0;0;0;0;0;0;0;0;0;0;0;0;0;0;0;0;0;0;0;0;0;0;0;0;0;0;0;0;0;0;0;0;0;0;0;0;0;0;0;0;0;0;0;0;0;0;0;0;0;0;0;0;0;0;0;0;0;0;0;0;0;0;0;0;0;0;0;0;0;0;0;0;0;0;0;0;0;0;0;0;0;0;0;0;0;0;0;0;0;0;0;0;0;0;0;0;0;0;0;0;0;0;0;0;0;0;0
"#67";24.97619048;357.9920635;49.95238095;124.8809524;0;99.9047619;24.97619048;124.8809524;0;0;49.95238095;0;0;0;8.325396825;0;0;0;0;0;0;0;8.325396825;0;0;8.325396825;41.62698413;0;0;0;0;8.325396825;0;0;24.97619048;0;0;0;0;8.325396825;0;0;0;0;0;0;16.65079365;0;0;16.65079365;0;0;0;0;16.65079365;0;0;8.325396825;0;0;8.325396825;0;0;0;0;0;0;0;0;16.65079365;0;0;0;0;0;0;0;0;0;0;0;0;0;0;0;0;0;0;0;0;0;0;0;0;0;0;0;0;0;0;0;0;0;0;0;0;0;0;0;0;0;0;0;0;0;0;0;0;0;0;0;0;0;0;0;0;0;0;0;0;0;0;0;0;0;0;0;0;0;0;0;0;0;0;0;0;0;0;0;0;0;0;0;0;0;0;0;0;0;0;0;0;0;0;0;0;0;0;0;0;0;0;0;0;0;0;0;0;0;0;0;0;0;0;0;0;0;0;0;0;0;0;0;0
"#68";34.35616438;120.2465753;25.76712329;17.17808219;8.589041096;274.8493151;137.4246575;0;17.17808219;25.76712329;94.47945205;0;0;0;214.7260274;0;0;0;34.35616438;0;0;51.53424658;25.76712329;0;0;25.76712329;42.94520548;68.71232877;0;0;0;0;0;0;25.76712329;0;0;0;180.369863;77.30136986;0;0;0;0;0;0;34.35616438;0;0;60.12328767;0;0;0;0;34.35616438;0;0;17.17808219;0;0;0;0;68.71232877;0;0;0;137.4246575;8.589041096;0;0;0;0;0;0;0;0;0;0;0;0;0;0;0;0;0;0;0;0;0;0;0;0;0;0;0;0;0;8.589041096;0;0;0;8.589041096;0;0;0;0;0;0;0;0;0;0;0;0;0;0;0;0;0;0;0;0;0;0;0;0;0;0;0;0;0;0;0;0;0;0;0;0;0;0;0;0;0;0;0;0;0;0;0;0;0;0;0;0;0;0;0;0;0;0;0;0;0;0;0;0;0;0;0;0;0;0;0;0;0;0;0;0;0;0;0;0;0;0;0;0;0;0;0;0;0;0;0;0
"#69";16.88353414;396.7630522;135.0682731;303.9036145;16.88353414;185.7188755;211.0441767;0;16.88353414;0;59.09236948;0;0;0;42.20883534;0;0;0;8.441767068;0;0;16.88353414;101.3012048;0;0;8.441767068;59.09236948;135.0682731;0;8.441767068;0;0;0;0;135.0682731;0;0;0;50.65060241;59.09236948;0;0;0;0;0;0;16.88353414;0;0;33.76706827;0;0;0;0;8.441767068;0;0;8.441767068;0;0;8.441767068;8.441767068;16.88353414;0;0;0;8.441767068;8.441767068;0;8.441767068;0;0;0;0;0;0;0;0;0;0;0;0;0;0;0;0;0;0;0;0;0;0;0;0;0;0;0;0;0;0;0;0;0;0;0;0;0;0;0;0;0;0;0;0;0;0;0;0;0;0;0;0;0;0;0;0;8.441767068;0;0;0;0;0;0;0;0;0;0;0;0;0;0;0;0;0;0;0;0;0;0;0;0;0;0;0;0;0;0;0;0;0;0;0;0;0;0;0;0;0;0;0;0;0;0;0;0;0;0;0;0;0;0;0;0;0;0;0;0;0;0;0;0;0;0;0
"#70";192.6808511;356.4595745;57.80425532;105.9744681;9.634042553;289.0212766;77.07234043;19.26808511;38.53617021;0;250.4851064;0;0;0;125.2425532;0;0;0;28.90212766;0;0;9.634042553;48.17021277;0;0;86.70638298;57.80425532;134.8765957;0;0;0;19.26808511;0;0;57.80425532;0;9.634042553;0;57.80425532;19.26808511;0;0;0;0;0;0;28.90212766;0;0;28.90212766;0;0;0;0;19.26808511;0;0;9.634042553;0;0;28.90212766;0;9.634042553;0;0;0;9.634042553;9.634042553;0;0;0;0;0;9.634042553;0;0;0;0;0;19.26808511;0;0;9.634042553;0;0;0;0;0;0;0;9.634042553;0;0;0;0;0;0;0;0;0;0;0;0;0;0;0;0;0;0;0;0;0;0;0;0;0;0;0;0;0;0;0;0;0;9.634042553;0;0;0;0;9.634042553;0;0;0;0;0;0;0;0;0;0;0;0;0;0;0;0;0;0;0;0;0;0;0;0;0;0;0;0;0;0;0;0;0;0;0;0;0;0;0;0;0;0;0;0;0;0;0;0;0;0;0;0;0;0;0;0;0;0;0;0;0;0;0;0
"#71";26.42622951;72.67213115;39.63934426;6.606557377;33.03278689;13.21311475;46.24590164;0;0;6.606557377;26.42622951;0;0;0;33.03278689;0;0;0;26.42622951;0;0;33.03278689;39.63934426;0;0;19.81967213;6.606557377;0;6.606557377;6.606557377;0;0;0;0;13.21311475;0;0;0;79.27868852;26.42622951;0;0;0;0;0;0;6.606557377;0;0;6.606557377;0;0;0;0;19.81967213;0;0;26.42622951;0;0;19.81967213;0;46.24590164;0;0;0;6.606557377;33.03278689;0;33.03278689;0;0;0;0;0;0;0;0;0;0;0;0;6.606557377;0;6.606557377;0;0;0;0;0;0;0;0;0;0;0;0;6.606557377;0;0;0;0;0;0;0;0;0;0;0;0;0;0;0;0;0;0;0;0;0;0;0;0;0;0;0;6.606557377;0;0;0;0;0;0;0;0;0;6.606557377;0;0;0;0;0;0;0;0;6.606557377;0;0;0;0;0;0;0;0;0;0;0;0;0;0;0;0;0;0;0;0;0;0;0;0;0;0;0;0;0;0;0;6.606557377;0;0;0;0;0;0;0;0;0;0;0;0;0;0;0;0;0
"#72";5.255102041;17.86734694;3.153061224;3.153061224;0;3.153061224;11.56122449;23.12244898;0;0;4.204081633;0;0;0;2.102040816;0;0;0;0;0;0;0;1.051020408;0;2.102040816;0;0;1.051020408;0;0;0;1.051020408;7.357142857;0;0;0;2.102040816;0;0;0;0;0;0;0;2.102040816;0;0;0;0;1.051020408;0;0;0;0;0;0;0;0;0;0;0;0;0;0;0;0;0;0;0;0;0;0;0;0;1.051020408;0;0;0;0;0;0;0;0;0;0;0;0;0;0;0;0;0;0;6.306122449;0;0;0;0;0;0;0;0;0;0;0;0;0;0;0;0;0;0;0;0;0;0;0;3.153061224;0;0;0;0;0;0;0;0;0;0;0;0;0;0;0;0;0;0;0;0;0;0;0;0;0;0;0;0;0;0;0;0;0;0;0;0;0;0;0;0;0;0;0;0;0;0;0;0;0;0;0;0;0;0;0;0;0;0;0;0;0;1.051020408;0;0;0;0;0;0;0;0;0;0;0;0;0;0
"#73";443.6534296;117.7039711;18.10830325;280.6787004;0;280.6787004;217.299639;117.7039711;54.32490975;0;135.8122744;0;0;0;36.2166065;0;0;0;54.32490975;0;0;36.2166065;36.2166065;0;0;18.10830325;45.27075812;181.0830325;0;0;0;9.054151625;9.054151625;0;36.2166065;0;18.10830325;0;90.54151625;36.2166065;0;0;0;0;0;0;18.10830325;0;0;63.37906137;0;0;0;0;18.10830325;0;9.054151625;18.10830325;0;0;18.10830325;0;0;0;0;0;0;18.10830325;0;9.054151625;0;0;0;0;18.10830325;0;0;9.054151625;0;0;0;0;18.10830325;0;0;0;0;0;0;0;0;0;0;0;0;0;0;0;0;0;0;0;0;0;0;0;0;0;0;0;0;0;0;0;0;0;0;9.054151625;0;9.054151625;0;0;0;0;0;0;0;0;0;0;0;0;0;0;0;0;0;0;0;0;0;0;0;0;0;0;0;0;0;0;0;0;0;0;0;0;0;0;0;0;0;0;0;0;0;0;0;0;0;0;0;0;0;0;0;0;0;0;0;0;0;0;0;0;0;0;0;0;0;0;0;0;0;0
"#74";28.42622951;161.0819672;18.95081967;33.16393443;0;9.475409836;127.9180328;28.42622951;0;0;0;4.737704918;0;4.737704918;4.737704918;0;4.737704918;0;0;0;0;0;4.737704918;0;23.68852459;0;0;0;0;0;0;0;37.90163934;0;4.737704918;0;4.737704918;0;9.475409836;4.737704918;0;0;0;0;9.475409836;0;0;0;0;0;0;0;0;0;0;0;0;4.737704918;0;0;14.21311475;0;4.737704918;0;0;0;4.737704918;0;0;9.475409836;0;0;0;0;0;4.737704918;0;0;0;0;0;0;0;0;0;0;0;0;0;0;0;0;0;0;0;0;0;0;0;0;0;0;0;0;0;0;0;0;0;0;0;0;0;0;0;0;0;0;0;0;0;0;0;0;0;0;0;0;0;0;0;0;0;0;0;0;0;0;0;0;0;0;0;0;0;0;0;0;0;0;0;0;0;0;0;0;0;0;0;0;0;0;0;0;0;0;0;0;0;0;0;0;0;0;0;0;0;0;0;4.737704918;0;0;4.737704918;0;0;0;0;0;0;0;0;0;0;0
"#75";4.156862745;1.039215686;0;1.039215686;0;2.078431373;0;0;1.039215686;1.039215686;1.039215686;10.39215686;1.039215686;6.235294118;1.039215686;2.078431373;0;0;0;0;1.039215686;0;0;0;32.21568627;0;0;0;0;0;0;0;0;5.196078431;0;9.352941176;0;0;0;1.039215686;0;0;0;0;0;0;0;1.039215686;0;0;0;0;0;0;0;0;0;0;0;0;0;22.8627451;0;29.09803922;0;0;0;1.039215686;0;0;0;0;1.039215686;0;1.039215686;0;0;0;0;0;1.039215686;0;0;0;0;0;0;0;0;9.352941176;0;0;0;0;1.039215686;0;0;0;0;0;2.078431373;0;0;0;0;0;0;0;0;0;0;0;0;0;0;0;0;0;0;0;0;0;0;0;0;0;0;0;0;0;0;0;0;0;0;0;0;0;0;0;0;0;0;0;0;0;0;0;0;0;0;1.039215686;0;0;7.274509804;0;0;0;0;0;0;0;0;0;0;0;0;0;0;0;0;0;0;0;0;0;0;0;0;0;0;0;0;0;0;0;0;0;0;0;0;0;0;0
"#76";0;1.01010101;0;0;0;0;0;0;0;0;0;53.53535354;3.03030303;0;0;0;0;0;0;0;0;0;0;0;10.1010101;0;0;0;0;0;0;0;2.02020202;0;0;3.03030303;0;0;0;0;0;0;0;0;0;0;0;0;0;0;0;0;0;0;0;0;0;0;4.04040404;0;0;0;0;0;0;0;0;0;0;0;0;0;0;0;0;0;0;0;0;0;0;0;0;0;0;0;0;0;0;0;0;0;0;0;0;0;0;0;0;0;18.18181818;0;0;0;0;0;0;0;0;0;0;0;0;0;0;0;0;0;0;0;0;0;0;0;0;0;0;0;0;0;0;0;0;0;0;0;0;0;0;0;0;0;0;0;0;0;0;0;0;0;0;0;0;0;5.050505051;0;0;0;0;0;0;0;0;0;0;0;0;0;0;0;0;0;0;0;0;0;0;0;0;0;0;0;0;0;0;0;0;0;0;0;0;0;0;0
"#77";0;0;0;0;24.94059406;4.534653465;0;0;0;0;0;15.87128713;4.534653465;6.801980198;0;4.534653465;0;0;0;0;2.267326733;0;0;0;0;2.267326733;0;0;0;0;0;0;4.534653465;0;0;92.96039604;0;0;0;2.267326733;0;0;0;0;0;0;0;15.87128713;0;0;0;0;0;0;0;0;0;0;2.267326733;0;0;2.267326733;0;13.6039604;0;0;0;0;0;0;0;0;6.801980198;0;0;0;0;0;0;0;0;0;0;0;0;0;0;0;0;0;0;0;0;0;0;0;0;0;0;0;20.40594059;0;0;0;0;0;0;0;0;0;0;0;0;0;0;0;0;0;0;0;0;0;0;0;0;0;0;0;0;0;2.267326733;0;0;0;0;0;0;0;0;0;0;0;0;0;0;0;0;0;0;0;0;0;0;0;0;0;0;0;0;0;0;0;0;0;0;0;0;0;0;0;0;0;0;0;0;0;0;0;0;0;0;0;0;0;0;0;0;0;0;0;0;0;0;0
"#78";0;11.25714286;28.14285714;0;118.2;11.25714286;0;0;11.25714286;28.14285714;0;168.8571429;135.0857143;16.88571429;0;16.88571429;0;0;0;0;5.628571429;0;0;0;0;0;0;0;0;0;0;0;0;0;0;0;0;0;0;0;5.628571429;0;0;0;0;0;0;5.628571429;0;0;0;0;0;0;0;0;0;0;22.51428571;0;0;0;0;5.628571429;0;0;0;0;0;0;0;0;0;0;0;0;0;0;0;0;0;0;0;0;0;0;0;0;0;0;0;0;0;0;0;0;0;0;0;0;0;0;0;0;0;0;0;0;0;0;0;0;0;0;0;0;0;0;0;0;0;0;0;0;0;0;0;0;0;0;0;0;0;0;0;0;0;0;0;0;0;0;0;0;0;0;0;0;0;0;0;0;0;0;0;0;0;0;0;0;0;0;0;0;0;0;0;0;0;0;0;0;0;0;0;0;0;0;0;0;0;0;0;0;0;0;0;0;0;0;0;0;0;0
"#79";0;0;0;23.92156863;102.8627451;7.176470588;0;0;0;0;0;9.568627451;4.784313725;4.784313725;0;0;0;0;0;0;2.392156863;0;0;0;0;0;0;0;0;0;0;0;0;0;0;23.92156863;0;0;0;0;2.392156863;0;0;0;0;0;0;14.35294118;0;0;0;0;0;0;0;0;2.392156863;0;19.1372549;0;0;0;0;7.176470588;0;0;0;0;0;0;0;0;0;0;0;0;0;0;0;0;4.784313725;0;0;0;0;0;0;0;0;0;0;0;0;0;0;0;7.176470588;0;0;0;2.392156863;0;0;0;0;0;0;0;0;0;0;0;0;0;0;0;0;0;0;0;0;0;0;0;0;0;0;0;0;0;0;0;0;0;0;0;0;0;0;0;0;0;0;0;0;0;0;0;0;0;0;0;0;0;0;0;0;0;0;0;0;0;0;0;0;0;0;0;0;0;0;0;0;0;0;0;0;0;0;0;0;4.784313725;0;0;0;0;0;0;0;0;0;0;0;0
"#80";0;0;0;0;7.457142857;0;0;0;0;0;0;59.65714286;0;0;0;0;0;0;0;0;0;0;0;0;0;0;0;0;0;0;0;0;0;0;0;149.1428571;0;0;0;0;0;0;0;0;0;0;0;14.91428571;0;0;0;0;0;0;0;0;7.457142857;0;0;0;0;0;0;4.971428571;0;0;0;0;0;0;0;0;0;0;0;0;0;0;0;0;0;0;0;0;0;0;0;0;0;0;0;0;0;0;0;0;14.91428571;0;0;0;2.485714286;0;0;0;0;0;0;0;0;0;0;0;0;0;0;0;0;0;0;0;0;0;0;0;0;0;0;0;0;0;0;0;0;0;0;0;0;0;0;0;0;0;0;0;0;0;0;0;0;0;0;0;0;0;0;0;0;0;0;0;0;0;0;0;0;0;0;0;0;0;0;0;0;0;0;0;0;0;0;0;0;0;0;0;0;0;0;0;0;0;0;0;0;0
"#81";0;148.6320755;0;0;38.77358491;12.9245283;0;0;0;0;0;161.5566038;19.38679245;45.23584906;0;135.7075472;0;0;0;0;0;0;0;0;6.462264151;0;0;0;6.462264151;0;0;0;12.9245283;6.462264151;0;6.462264151;0;0;0;0;0;0;0;0;0;0;0;0;0;0;0;0;0;0;0;0;0;0;0;0;0;0;0;12.9245283;0;0;0;0;0;0;0;0;0;0;0;0;71.08490566;0;0;0;0;0;0;0;0;0;0;0;0;0;0;0;0;0;0;0;0;0;0;0;0;0;0;0;0;0;0;0;0;0;0;0;0;0;0;0;0;0;0;0;0;0;0;0;0;0;0;0;0;0;0;0;0;0;0;0;0;0;0;0;0;0;0;0;0;0;0;0;0;0;0;0;0;0;0;0;0;0;0;0;0;0;0;0;0;0;0;0;0;0;0;0;0;0;0;0;0;0;0;0;0;0;0;0;0;0;0;0;0;0;0;0;0;0
"#82";0;0;158.7920792;0;8.821782178;35.28712871;0;0;0;114.6831683;0;35.28712871;52.93069307;185.2574257;0;149.970297;0;0;0;0;0;0;0;0;0;0;0;0;26.46534653;0;0;0;0;61.75247525;0;0;0;0;0;0;0;0;0;0;0;0;0;0;0;0;0;0;0;26.46534653;0;0;0;0;0;0;0;0;0;0;0;0;0;0;0;0;0;0;0;8.821782178;0;0;0;0;0;0;0;0;0;0;0;0;0;0;0;0;0;0;0;0;8.821782178;0;0;0;0;0;0;0;0;0;0;0;0;0;0;0;0;0;0;0;0;0;0;0;0;0;0;0;0;0;0;0;0;0;0;0;0;0;0;0;0;0;0;0;0;0;0;0;0;17.64356436;0;0;0;0;0;0;0;0;0;0;0;0;0;0;0;0;0;0;0;0;0;0;0;0;0;0;0;0;0;0;0;0;0;0;0;0;0;0;0;0;0;0;0;0;0;0;0;0;0;0
"#83";0;0;337.754717;0;29.80188679;9.933962264;0;0;0;228.4811321;0;0;119.2075472;59.60377358;0;109.2735849;0;0;0;0;0;0;0;0;0;0;0;0;39.73584906;9.933962264;0;0;0;79.47169811;0;0;0;0;0;0;0;0;0;0;0;0;0;0;0;0;0;0;0;0;0;9.933962264;0;0;0;0;0;0;0;0;0;0;0;0;0;0;0;9.933962264;0;0;0;0;0;0;0;0;0;0;0;0;9.933962264;0;0;0;0;0;0;0;0;0;0;0;0;0;0;0;0;0;0;0;0;0;0;0;0;0;0;0;0;0;0;0;0;0;0;0;0;0;0;0;0;0;0;0;0;0;0;0;0;0;0;0;0;0;0;0;0;0;0;0;0;0;0;0;0;0;0;0;0;0;0;0;0;0;0;0;0;0;0;0;0;0;0;0;0;0;0;0;0;0;0;0;0;0;0;0;0;0;0;0;0;0;0;0;0;0;0;0;0;0
"#84";0;21.05454545;157.9090909;0;315.8181818;0;0;0;0;21.05454545;0;42.10909091;147.3818182;0;0;400.0363636;0;0;0;0;0;0;0;0;0;0;0;0;0;0;0;0;10.52727273;0;0;10.52727273;0;0;0;0;0;0;0;0;0;0;0;0;0;0;0;0;0;0;0;0;0;0;0;0;0;10.52727273;0;0;0;0;0;0;0;0;10.52727273;0;0;0;0;0;10.52727273;0;0;0;0;0;0;0;0;0;0;0;0;0;0;0;0;0;0;0;0;0;0;0;0;0;0;0;0;0;0;0;0;0;0;0;0;0;0;0;0;0;0;0;0;0;0;0;0;0;0;0;0;0;0;0;0;0;0;0;0;0;0;0;0;0;0;0;0;0;0;0;0;0;0;0;0;0;0;0;0;0;0;0;0;0;0;0;0;0;0;0;0;0;0;0;0;0;0;0;0;0;0;0;0;0;0;0;0;0;0;0;0;0;0;0;0;0
"#85";0;0;16.83168317;0;23.56435644;0;0;0;0;0;0;0;40.3960396;3.366336634;0;114.4554455;0;0;0;0;0;0;3.366336634;0;0;0;6.732673267;0;84.15841584;0;0;0;0;0;0;3.366336634;0;0;0;0;0;0;0;0;0;0;0;0;0;0;0;0;0;6.732673267;0;3.366336634;0;0;0;0;0;10.0990099;0;0;0;0;0;0;0;0;3.366336634;0;0;0;0;0;3.366336634;0;0;0;3.366336634;0;0;0;3.366336634;0;0;0;0;0;0;0;0;0;0;0;0;0;0;0;0;0;0;0;0;0;0;0;0;0;0;0;0;0;0;0;0;0;0;0;0;0;0;0;0;0;0;0;0;0;0;10.0990099;0;0;0;0;0;0;0;0;0;0;0;0;0;0;0;0;0;0;0;0;0;0;0;0;0;0;0;0;0;0;0;0;0;0;0;0;0;0;0;0;0;0;0;0;0;0;0;0;0;0;0;0;0;0;0;0;0;0;0;0;0;0
"#86";0;126.6116505;36.17475728;0;0;18.08737864;0;0;0;126.6116505;0;108.5242718;0;36.17475728;0;452.184466;0;0;0;0;54.26213592;0;18.08737864;0;343.6601942;0;0;0;0;0;0;18.08737864;180.8737864;72.34951456;0;0;0;0;0;0;0;54.26213592;0;18.08737864;0;0;0;0;0;0;0;0;0;0;0;0;0;0;72.34951456;0;0;0;0;0;0;0;0;0;0;0;36.17475728;0;0;0;0;0;36.17475728;0;0;0;0;0;0;0;0;0;0;0;0;0;0;0;0;0;36.17475728;0;0;0;0;0;0;0;0;0;0;0;0;0;0;0;0;0;0;0;0;0;0;0;0;18.08737864;0;0;0;0;0;0;0;0;0;0;0;0;0;0;0;0;0;0;0;0;0;0;0;0;0;0;0;0;0;0;0;0;0;0;0;0;0;0;0;0;0;0;0;0;0;0;0;0;0;0;0;0;0;0;0;0;0;0;0;0;0;0;0;0;0;0;0;0;0;0;0;0;0;0
"#87";0;10.32692308;309.8076923;0;20.65384615;0;0;0;0;216.8653846;0;20.65384615;103.2692308;51.63461538;0;0;0;0;0;0;20.65384615;10.32692308;0;0;30.98076923;0;10.32692308;0;30.98076923;0;0;20.65384615;0;20.65384615;0;0;0;0;0;0;0;0;0;0;51.63461538;0;0;0;0;0;0;0;0;0;0;30.98076923;0;0;0;0;0;0;0;0;0;0;0;0;0;0;0;41.30769231;0;0;0;0;0;0;0;0;0;0;0;0;41.30769231;0;0;0;0;0;0;0;0;0;0;0;0;0;0;0;0;0;0;0;20.65384615;0;0;0;0;0;0;0;0;0;0;0;0;0;0;0;0;0;0;0;0;0;0;0;0;0;0;0;0;0;0;0;0;0;0;0;0;0;0;0;0;0;10.32692308;0;0;0;0;0;0;0;0;0;0;0;0;0;0;0;0;0;0;0;0;0;0;0;0;0;0;0;0;0;0;0;0;0;0;0;0;0;0;0;0;0;0;0;0;0;0;0
"#88";0;0;157.7777778;0;11.83333333;0;0;0;0;67.05555556;0;3.944444444;15.77777778;11.83333333;0;19.72222222;0;0;0;0;7.888888889;0;0;3.944444444;0;0;3.944444444;0;0;0;0;3.944444444;0;15.77777778;0;0;0;0;0;0;0;0;0;15.77777778;3.944444444;0;0;0;0;0;0;0;0;47.33333333;0;7.888888889;0;0;0;0;0;3.944444444;0;3.944444444;0;0;0;0;0;0;0;7.888888889;0;0;0;0;0;0;0;0;0;0;0;0;0;7.888888889;0;0;0;0;0;0;0;0;0;0;0;0;0;0;0;0;0;0;3.944444444;0;0;0;0;0;0;0;0;0;0;0;0;0;0;0;0;0;0;0;0;0;0;0;0;0;0;0;0;0;0;0;0;0;0;0;0;0;0;0;0;0;0;0;0;0;0;0;0;0;0;0;0;0;0;0;0;0;0;0;0;0;0;0;0;0;0;0;0;0;0;0;0;0;0;0;0;0;0;0;0;0;0;0;0;0;0;0;0;0
"#89";0;42;28;0;84;98;0;0;7;14;0;140;0;7;0;0;0;42;0;0;28;0;0;14;49;0;7;0;0;0;0;7;49;0;0;0;21;0;0;0;0;21;0;0;21;0;0;0;0;0;0;0;0;0;0;21;0;0;7;0;0;0;0;0;0;0;0;0;0;0;0;0;0;0;0;0;7;0;0;0;0;0;0;0;0;7;0;0;0;0;0;0;0;0;7;0;0;0;0;0;0;0;0;0;0;0;0;0;0;0;0;0;0;0;0;0;0;0;0;0;0;0;0;0;0;0;0;0;0;0;0;0;0;0;0;0;0;0;0;0;0;0;0;0;0;0;0;0;0;0;0;0;0;0;0;0;0;7;0;0;0;0;0;0;0;0;0;0;0;0;0;0;0;0;0;0;0;0;0;0;0;0;0;0;0;0;0;0;0;0;0;0;0;0
"#90";0;0;45;0;0;0;0;0;9;90;0;18;0;180;0;0;0;0;180;18;0;135;0;0;9;0;0;0;0;0;0;0;0;0;0;0;0;0;0;0;0;0;0;9;27;0;0;0;0;0;0;0;0;0;0;36;0;0;0;0;0;9;0;0;27;0;0;0;0;0;0;9;0;0;0;0;0;0;0;9;0;0;0;0;9;36;0;0;0;0;0;0;0;0;0;0;0;0;0;0;0;0;0;0;0;0;0;0;0;0;0;0;0;9;0;0;0;0;0;0;18;0;0;0;0;0;0;9;0;0;18;0;0;0;0;0;0;0;0;0;0;0;0;0;0;0;0;0;0;0;0;0;0;0;0;0;0;0;0;0;0;0;0;0;0;9;0;0;0;0;0;0;0;0;0;0;0;0;0;0;0;0;0;0;0;0;0;0;0;0;0;0;0;0
"#91";0;0;0;94.62962963;47.31481481;0;0;0;37.85185185;0;0;18.92592593;0;0;0;0;0;0;0;160.8703704;264.962963;0;0;9.462962963;0;0;0;0;0;0;9.462962963;18.92592593;0;0;0;0;28.38888889;0;0;0;0;0;0;9.462962963;0;0;0;0;246.037037;0;0;18.92592593;0;0;0;0;0;0;0;0;0;0;0;0;0;9.462962963;0;0;0;0;0;0;0;0;0;0;0;0;0;0;0;0;0;0;0;0;0;0;9.462962963;0;0;0;0;0;0;0;0;0;0;0;0;0;0;0;0;0;0;28.38888889;0;0;0;0;0;0;0;0;0;0;0;0;0;0;0;0;0;0;0;0;9.462962963;0;0;0;0;0;0;0;0;0;0;0;0;0;0;0;0;0;0;0;0;0;0;0;0;0;0;0;0;0;0;0;0;0;0;0;0;0;0;0;0;0;0;0;0;0;0;0;0;0;0;0;0;0;0;0;0;0;0;0;0;0;0;0;0;0
"#92";0;0;138;0;61.33333333;15.33333333;0;92;0;92;0;30.66666667;15.33333333;138;0;0;0;168.6666667;30.66666667;46;15.33333333;30.66666667;0;0;15.33333333;0;0;0;0;0;0;46;0;0;0;0;15.33333333;0;0;0;30.66666667;0;0;122.6666667;61.33333333;0;15.33333333;92;107.3333333;0;0;15.33333333;0;0;0;15.33333333;46;0;0;0;0;15.33333333;0;15.33333333;0;0;0;0;0;0;0;15.33333333;0;0;0;0;0;0;0;0;0;0;0;0;0;0;0;0;15.33333333;0;0;0;0;0;0;0;15.33333333;0;15.33333333;0;0;0;0;0;0;0;0;0;0;0;0;0;0;0;0;0;0;0;0;0;0;0;0;0;0;0;0;0;0;0;0;0;0;0;0;0;0;0;0;0;0;0;0;0;0;15.33333333;0;0;0;0;0;0;0;0;0;0;0;0;0;0;0;0;0;0;0;0;0;0;0;0;0;0;0;0;0;0;0;0;0;0;0;0;0;0;0;0;0;0;0;0;0;0;0;0
"#93";0;0;0;119.776699;18.42718447;0;0;9.213592233;165.8446602;0;0;36.85436893;0;55.2815534;0;0;0;0;0;36.85436893;0;18.42718447;0;110.5631068;0;0;0;0;0;119.776699;0;73.70873786;0;0;0;0;0;0;0;0;0;0;101.3495146;9.213592233;0;0;9.213592233;0;9.213592233;0;0;9.213592233;0;0;0;0;0;9.213592233;0;0;0;0;0;0;0;9.213592233;0;0;0;0;0;0;0;0;0;0;0;0;0;0;0;0;0;0;0;18.42718447;0;0;0;0;0;0;0;0;0;0;0;0;0;0;0;0;0;0;0;0;0;0;0;0;0;0;0;0;0;0;0;0;0;0;0;0;0;0;0;0;0;0;0;0;0;0;0;0;0;0;0;0;0;0;0;0;0;0;0;0;0;0;0;0;9.213592233;0;0;0;0;0;0;0;0;0;0;0;0;0;0;0;0;0;0;0;0;0;0;0;0;0;0;0;0;0;0;0;0;0;0;0;0;0;0;0;0;0;0;0
"#94";0;0;0;33.08256881;253.6330275;55.13761468;0;0;209.5229358;44.11009174;0;22.05504587;0;154.3853211;0;11.02752294;0;22.05504587;0;121.3027523;11.02752294;0;0;88.22018349;0;0;11.02752294;0;22.05504587;0;0;55.13761468;0;0;0;0;22.05504587;0;0;0;0;0;44.11009174;11.02752294;0;0;0;0;0;0;0;0;0;0;0;0;0;0;0;0;0;0;0;0;0;0;0;0;0;0;0;0;0;0;0;0;0;0;0;0;0;0;0;0;0;0;0;0;0;0;0;0;0;0;0;0;0;0;0;0;0;0;0;0;0;0;0;0;0;0;0;0;0;0;0;0;0;0;0;0;0;0;0;0;0;0;0;0;0;0;0;0;0;0;0;0;0;0;0;0;0;0;0;0;0;0;0;0;0;0;0;0;0;0;0;0;0;0;11.02752294;0;0;0;0;0;0;0;0;0;0;0;0;0;0;0;0;0;0;0;0;0;0;0;0;0;0;0;0;0;0;0;0;0;0;0
"#95";11.30275229;22.60550459;146.9357798;0;214.7522936;0;0;0;0;0;0;0;67.81651376;45.21100917;0;0;282.5688073;158.2385321;0;0;0;0;0;11.30275229;0;0;79.11926606;0;11.30275229;0;0;11.30275229;0;11.30275229;0;0;0;0;0;0;0;56.51376147;0;0;56.51376147;0;11.30275229;0;11.30275229;0;0;0;0;0;0;0;0;0;0;0;0;11.30275229;0;0;0;0;0;0;0;0;0;0;0;0;0;0;0;0;0;0;0;0;0;0;0;0;0;0;0;0;0;0;0;0;11.30275229;0;0;0;0;0;0;0;0;0;0;0;0;0;0;0;0;0;0;0;0;0;0;0;0;0;0;0;0;0;0;0;0;0;0;0;0;0;0;0;0;0;0;0;0;0;0;0;0;0;0;0;0;0;0;0;0;0;0;0;0;0;0;0;0;0;0;0;0;0;0;0;0;0;0;0;0;0;0;0;0;0;0;0;0;0;0;0;0;0;0;0;0;0;0;0;0;0;0;0
"#96";0;0;0;157.5145631;78.75728155;0;0;0;393.7864078;0;0;19.68932039;0;0;0;0;0;0;0;39.37864078;0;0;0;315.0291262;0;0;0;0;0;19.68932039;216.5825243;19.68932039;0;0;0;0;0;0;0;0;0;0;59.06796117;39.37864078;0;0;39.37864078;19.68932039;0;0;0;255.961165;0;0;0;0;19.68932039;0;0;0;0;0;0;0;59.06796117;0;0;0;59.06796117;0;0;0;0;0;0;137.8252427;0;0;0;0;19.68932039;0;0;39.37864078;0;0;0;0;0;0;0;0;0;0;0;0;0;0;0;0;0;0;0;0;0;0;0;19.68932039;0;0;0;0;0;0;0;0;0;0;0;0;0;0;0;0;0;0;0;0;0;0;0;0;0;0;0;0;0;0;0;0;0;0;0;0;0;0;0;0;0;0;0;0;0;0;0;0;0;0;0;0;0;0;0;0;0;0;0;0;0;0;0;0;0;0;0;0;0;0;0;0;0;0;0;0;0;0;0;0;0;0;0;0;0;0
"#97";25.07272727;12.53636364;0;0;50.14545455;0;0;0;50.14545455;0;87.75454545;12.53636364;0;0;0;0;0;213.1181818;25.07272727;25.07272727;12.53636364;0;0;12.53636364;0;0;37.60909091;0;75.21818182;0;62.68181818;12.53636364;0;0;0;0;0;0;0;0;0;12.53636364;0;0;12.53636364;0;0;0;0;0;0;87.75454545;112.8272727;0;0;0;12.53636364;0;0;0;0;0;0;0;0;0;0;0;175.5090909;0;0;0;0;0;0;0;0;0;0;0;0;12.53636364;0;12.53636364;0;0;0;0;0;0;0;12.53636364;100.2909091;12.53636364;0;0;0;0;0;0;0;0;0;0;0;0;0;0;0;0;0;50.14545455;50.14545455;0;0;0;0;0;0;0;0;0;0;0;0;0;0;0;0;0;0;0;0;0;0;0;0;0;0;0;0;0;0;0;0;0;0;0;0;0;0;0;0;0;0;0;0;0;0;0;0;0;0;0;0;0;0;0;0;0;0;0;0;0;0;0;0;0;0;0;0;0;0;0;0;0;0;0;0;0;0;0;0;0
"#98";246.9444444;0;0;0;17.63888889;17.63888889;0;0;35.27777778;0;35.27777778;0;0;0;0;0;158.75;740.8333333;17.63888889;0;0;52.91666667;0;0;0;17.63888889;88.19444444;0;35.27777778;17.63888889;0;0;0;17.63888889;0;0;123.4722222;0;0;0;0;123.4722222;0;0;17.63888889;0;17.63888889;0;0;0;17.63888889;0;0;0;35.27777778;0;0;0;0;0;0;0;0;0;0;0;0;0;0;0;17.63888889;0;0;0;0;0;0;0;0;0;0;0;0;0;0;17.63888889;0;0;0;0;17.63888889;17.63888889;0;0;0;0;0;0;0;0;0;0;0;0;0;0;0;0;0;0;0;0;0;0;0;0;0;0;0;0;0;0;0;0;0;0;0;0;0;0;0;0;0;0;0;0;0;0;0;0;0;0;0;0;0;0;0;0;0;0;0;0;0;0;0;0;0;0;0;0;0;0;0;0;0;0;0;0;0;0;0;0;0;0;0;0;0;0;0;0;0;0;0;0;0;0;0;0;0;0;0;0;0;0
"#99";118.3962264;11.83962264;0;0;71.03773585;0;0;0;35.51886792;0;23.67924528;11.83962264;0;0;0;71.03773585;118.3962264;142.0754717;23.67924528;23.67924528;0;35.51886792;71.03773585;11.83962264;23.67924528;23.67924528;35.51886792;35.51886792;47.35849057;0;0;35.51886792;0;0;0;0;11.83962264;35.51886792;0;0;0;47.35849057;0;23.67924528;0;0;0;0;0;0;47.35849057;0;0;0;11.83962264;0;0;0;0;0;11.83962264;11.83962264;0;0;11.83962264;0;0;0;0;0;0;0;0;0;0;0;0;11.83962264;0;0;0;0;0;0;0;0;0;0;0;0;0;0;0;11.83962264;0;0;0;0;0;0;0;0;0;0;0;0;0;0;0;0;0;0;0;0;0;0;0;0;0;0;0;0;23.67924528;0;0;0;0;11.83962264;0;0;0;0;0;0;0;0;0;0;0;0;0;0;0;0;0;0;0;0;0;0;0;0;0;0;0;0;11.83962264;0;0;0;0;0;0;0;0;0;0;0;0;0;0;0;0;0;0;0;0;0;0;0;0;0;0;0;0;0;0;0;0;0;0;0;0;0
"#100";409.7407407;0;0;0;47.27777778;63.03703704;31.51851852;0;15.75925926;0;15.75925926;15.75925926;0;0;31.51851852;15.75925926;504.2962963;15.75925926;47.27777778;0;0;0;47.27777778;0;0;157.5925926;15.75925926;0;0;0;0;15.75925926;31.51851852;0;31.51851852;0;0;15.75925926;15.75925926;0;0;63.03703704;0;0;0;0;0;0;0;0;0;0;0;0;0;0;0;0;0;0;0;15.75925926;0;0;0;0;0;0;0;0;0;0;0;0;0;0;0;31.51851852;0;0;0;0;0;0;0;0;0;0;0;0;0;0;0;0;0;0;0;0;0;0;0;0;0;0;0;0;0;0;0;0;0;0;0;15.75925926;0;0;0;0;0;0;0;0;0;15.75925926;0;0;0;0;0;0;0;0;15.75925926;0;0;0;0;0;0;0;0;0;0;0;0;0;0;0;0;0;0;0;0;0;0;0;0;0;0;0;0;0;0;0;0;0;0;0;0;0;0;0;0;0;0;0;0;0;0;0;0;0;0;0;0;0;0;0;0;0;0;0;0;0
"#101";271.25;0;0;0;31;62;38.75;23.25;0;0;38.75;0;0;0;15.5;0;100.75;0;15.5;0;0;15.5;38.75;0;0;46.5;23.25;31;7.75;0;0;15.5;0;0;7.75;0;15.5;0;0;0;0;0;0;7.75;0;0;0;0;0;0;0;0;0;0;7.75;0;0;0;0;0;0;7.75;0;0;0;0;7.75;0;0;0;0;0;0;0;0;0;0;0;0;0;0;0;0;0;0;0;0;0;0;0;0;0;0;0;0;0;0;0;0;0;0;0;0;0;0;0;0;0;0;0;0;0;0;0;0;0;0;0;0;0;0;0;0;0;0;0;0;0;0;0;0;0;0;0;0;0;0;0;0;0;0;0;0;0;0;0;0;0;0;0;0;0;0;0;0;0;0;0;0;0;0;0;0;0;0;0;0;0;0;0;0;7.75;0;0;0;0;0;0;0;0;0;0;0;0;0;0;0;0;0;0;0;0;0;0
"#102";1181.037736;0;0;131.2264151;0;157.4716981;157.4716981;52.49056604;0;0;52.49056604;0;0;0;209.9622642;0;157.4716981;0;26.24528302;0;0;0;78.73584906;0;0;78.73584906;26.24528302;131.2264151;0;0;0;26.24528302;0;0;26.24528302;0;131.2264151;0;0;0;0;26.24528302;0;26.24528302;0;0;0;0;26.24528302;0;0;0;0;0;0;0;0;0;0;0;26.24528302;0;0;0;0;0;0;0;0;0;0;0;0;0;0;0;0;26.24528302;0;26.24528302;0;0;0;0;0;0;0;0;0;0;0;0;0;0;0;0;0;0;0;0;0;0;0;0;0;0;0;0;0;0;0;0;0;0;0;0;0;0;0;0;0;0;0;0;0;0;0;0;0;0;0;0;0;0;0;0;0;0;0;0;0;0;0;0;0;0;0;0;0;0;0;0;0;0;0;0;0;0;0;0;0;0;0;0;0;0;0;0;0;0;0;0;0;0;0;0;0;0;0;0;0;0;0;0;0;0;0;0;0;0;0;0;0;0
"#103";819.0291262;0;0;61.42718447;0;163.8058252;81.90291262;163.8058252;0;0;61.42718447;0;0;0;40.95145631;0;429.9902913;0;40.95145631;0;0;0;20.47572816;0;20.47572816;81.90291262;20.47572816;0;0;0;0;0;0;0;0;0;0;0;0;0;0;0;0;40.95145631;0;0;0;0;0;0;0;0;0;0;0;0;0;20.47572816;0;0;20.47572816;0;0;0;0;0;20.47572816;0;0;0;0;0;0;0;0;0;0;0;0;0;0;0;0;0;0;0;0;0;0;0;0;0;0;0;0;0;0;0;0;0;0;0;0;0;0;0;0;0;0;0;0;0;0;0;0;0;0;0;0;0;0;0;0;0;0;0;0;0;0;0;0;0;0;0;0;0;0;0;0;0;0;0;0;0;0;0;0;0;0;0;0;0;0;0;0;0;0;0;0;0;0;0;0;0;0;0;0;0;0;0;0;0;0;0;0;0;0;0;0;0;0;0;0;0;0;0;0;0;0;0;0;0;0;0
"#104";468.4766355;0;0;14.19626168;0;70.98130841;127.7663551;42.58878505;56.78504673;0;14.19626168;14.19626168;0;0;99.37383178;0;99.37383178;0;56.78504673;0;0;0;127.7663551;14.19626168;0;56.78504673;56.78504673;14.19626168;0;0;0;0;0;0;0;0;70.98130841;0;0;28.39252336;0;0;0;0;0;0;0;0;0;0;0;0;0;0;0;0;0;14.19626168;0;0;0;0;0;14.19626168;0;0;0;0;0;0;0;0;0;0;14.19626168;0;0;14.19626168;0;0;0;0;0;0;0;0;0;0;0;0;0;0;0;0;0;0;0;0;0;0;0;0;14.19626168;0;0;14.19626168;0;0;0;0;0;0;0;0;0;0;0;0;0;0;0;0;0;0;0;0;0;0;0;0;0;0;0;0;0;0;0;0;0;0;0;0;0;0;0;0;0;0;0;0;0;0;0;0;0;0;0;0;0;0;0;0;0;0;0;0;0;0;0;0;0;0;0;0;0;0;0;0;0;0;0;0;0;0;0;0;0;0;0;0;0;0;0;0
"#105";68.23529412;4.549019608;0;4.549019608;9.098039216;9.098039216;4.549019608;9.098039216;0;0;9.098039216;0;4.549019608;4.549019608;4.549019608;0;81.88235294;4.549019608;54.58823529;0;0;9.098039216;4.549019608;0;0;9.098039216;0;9.098039216;0;0;0;0;9.098039216;4.549019608;4.549019608;0;4.549019608;0;9.098039216;4.549019608;4.549019608;4.549019608;0;9.098039216;36.39215686;0;0;0;0;0;0;0;0;0;4.549019608;0;0;0;0;0;9.098039216;4.549019608;4.549019608;0;0;0;4.549019608;0;0;0;0;0;0;0;13.64705882;0;0;0;0;0;0;0;0;0;0;0;0;0;0;0;0;0;0;0;4.549019608;0;0;0;0;0;0;0;0;9.098039216;0;0;0;0;0;0;0;0;0;0;0;0;0;0;0;0;0;0;0;0;0;0;0;0;0;0;0;4.549019608;0;0;0;0;0;0;0;0;0;0;0;0;0;0;4.549019608;0;0;0;0;0;0;0;0;0;0;4.549019608;0;0;0;0;0;0;0;0;0;0;0;0;0;0;0;0;0;0;0;0;0;0;0;0;0;0;0;0;0;0;0;0;0;0;0;0
"#106";522.7663551;22.72897196;0;295.4766355;0;386.3925234;113.6448598;227.2897196;0;0;90.91588785;0;0;0;0;0;386.3925234;0;0;0;0;22.72897196;0;0;0;45.45794393;0;45.45794393;0;0;0;0;45.45794393;0;22.72897196;0;22.72897196;0;22.72897196;0;0;22.72897196;0;0;0;0;0;0;0;0;0;0;0;0;22.72897196;0;0;0;0;0;22.72897196;0;0;0;0;0;0;0;0;0;0;0;0;0;0;0;0;0;0;0;0;0;0;0;0;0;0;0;0;0;0;0;0;0;0;0;0;0;45.45794393;0;0;0;0;22.72897196;0;0;0;0;0;0;0;0;0;0;0;0;22.72897196;0;0;0;0;0;0;0;0;0;0;0;0;0;0;0;0;0;0;0;0;0;0;0;0;0;0;0;0;0;0;0;0;0;0;0;0;0;0;0;0;0;0;0;0;0;0;0;0;0;0;0;0;0;0;0;0;0;0;0;0;0;0;0;0;0;0;0;0;0;0;0;0;0;0;0;0;0
"#109";258.2242991;0;0;223.7943925;0;34.42990654;395.9439252;120.5046729;0;0;34.42990654;0;17.21495327;0;34.42990654;0;189.364486;0;17.21495327;0;0;0;51.64485981;0;0;51.64485981;17.21495327;0;0;0;0;0;0;0;68.85981308;0;17.21495327;0;17.21495327;34.42990654;0;17.21495327;0;0;0;0;0;0;0;0;0;0;0;0;0;0;0;51.64485981;0;0;0;0;17.21495327;0;0;0;0;17.21495327;0;17.21495327;0;0;0;0;0;0;34.42990654;0;0;0;0;0;34.42990654;0;0;0;0;0;17.21495327;0;0;0;0;0;0;0;0;0;0;0;0;0;0;0;17.21495327;0;0;0;17.21495327;0;0;0;0;0;0;0;0;0;0;0;0;0;0;0;0;0;0;0;0;0;0;0;0;0;0;0;17.21495327;0;0;0;0;0;0;0;0;0;0;0;0;0;0;0;0;0;0;0;0;0;0;0;0;0;0;0;0;0;0;0;0;0;0;0;0;0;0;0;0;0;0;0;0;0;0;0;0;0;0;0;0;0;0;0;0;0
"#110";469.0196078;0;0;224.3137255;0;81.56862745;61.17647059;163.1372549;0;0;142.745098;0;0;0;0;0;81.56862745;0;20.39215686;0;0;40.78431373;20.39215686;0;0;20.39215686;40.78431373;81.56862745;0;0;0;20.39215686;0;0;40.78431373;0;0;0;183.5294118;20.39215686;0;20.39215686;0;0;20.39215686;0;0;0;0;0;0;0;0;0;0;0;0;0;0;0;81.56862745;0;0;0;0;0;0;0;0;0;0;0;0;0;0;40.78431373;0;40.78431373;0;0;0;0;0;0;0;0;0;0;40.78431373;0;0;0;0;20.39215686;0;0;0;0;0;0;0;0;0;0;0;0;0;0;40.78431373;0;0;0;0;0;0;0;0;0;0;0;0;0;0;20.39215686;0;0;0;0;20.39215686;0;0;0;0;0;0;0;0;0;20.39215686;0;0;0;0;0;0;0;0;0;0;0;0;0;0;0;0;0;0;0;0;0;0;0;0;0;0;0;0;0;0;0;0;0;0;0;0;0;0;0;0;0;0;0;0;0;0;0;0;0;0;0;0;0;0;0
"#111";178.1944444;0;0;166.3148148;0;11.87962963;213.8333333;118.7962963;11.87962963;0;59.39814815;0;0;0;59.39814815;0;106.9166667;0;0;0;0;23.75925926;11.87962963;0;0;47.51851852;23.75925926;35.63888889;0;11.87962963;0;11.87962963;0;0;0;0;0;0;11.87962963;11.87962963;0;47.51851852;0;0;0;0;0;11.87962963;0;0;0;0;0;0;0;0;0;11.87962963;0;0;0;0;11.87962963;0;0;0;0;0;0;11.87962963;0;0;0;0;0;11.87962963;0;11.87962963;0;0;0;0;0;0;0;0;0;0;0;0;0;0;0;0;0;0;0;11.87962963;0;0;0;11.87962963;0;0;0;0;0;0;0;0;0;0;0;0;0;0;0;0;0;0;0;0;0;0;0;0;0;0;0;0;0;0;11.87962963;0;0;0;0;0;0;0;0;0;0;0;0;0;0;0;0;0;0;0;0;0;0;11.87962963;0;0;0;0;0;0;0;0;0;0;0;0;0;0;0;0;0;0;0;0;0;0;0;0;0;0;0;0;0;0;0;0;0;0;0;0;0;0
"#112";0;0;0;0;0;3.142857143;0;0;0;1.047619048;0;10.47619048;0;1.047619048;0;0;0;0;0;0;0;0;0;1.047619048;0;0;0;0;0;0;1.047619048;0;0;0;0;2.095238095;0;0;0;0;0;0;0;0;0;0;0;0;0;0;0;0;0;0;0;0;0;0;0;0;0;0;0;0;1.047619048;0;0;0;0;0;0;0;0;0;0;0;0;0;0;0;0;0;0;0;0;0;0;0;0;0;0;0;0;0;0;0;0;0;0;0;0;0;0;0;0;0;0;0;0;0;0;0;0;0;0;0;0;0;0;0;0;0;0;0;0;0;0;0;0;0;0;0;0;0;0;0;0;0;0;0;0;0;0;0;0;0;0;0;0;0;0;0;0;0;0;0;0;0;0;0;0;0;0;0;0;0;0;0;0;0;0;0;0;0;0;0;0;0;0;0;0;0;0;0;0;0;0;0;0;0;0;1.047619048;0;0
"#113";0;0;0;0;0;1.453608247;0;0;18.89690722;0;0;8.721649485;1.453608247;0;1.453608247;1.453608247;0;0;0;13.08247423;1.453608247;0;0;1.453608247;27.6185567;0;0;0;0;0;0;0;0;0;0;0;0;0;0;0;2.907216495;0;0;0;0;0;0;0;0;0;0;0;0;0;0;0;0;0;1.453608247;0;0;0;0;0;0;0;0;1.453608247;0;0;0;0;0;0;1.453608247;0;0;0;0;0;0;0;0;0;0;0;8.721649485;0;0;0;0;0;0;0;0;0;17.44329897;0;0;0;8.721649485;0;0;0;0;0;0;0;0;0;0;0;0;0;0;0;0;0;0;0;0;0;0;0;0;0;0;0;0;0;0;0;0;0;0;0;0;0;0;20.35051546;0;0;0;0;0;0;0;0;0;0;0;0;0;0;0;0;0;0;0;0;0;0;0;0;0;0;0;0;0;0;0;0;0;0;0;0;0;0;0;0;0;0;0;0;0;0;0;0;0;1.453608247;0;0;0;0
"#114";0;0;0;0;21.52293578;0;0;0;0;0;0;17.93577982;0;3.587155963;0;0;0;0;0;3.587155963;17.93577982;0;0;0;0;0;0;0;0;0;0;0;0;0;0;25.11009174;0;0;0;0;7.174311927;3.587155963;0;0;0;0;0;251.1009174;0;0;0;0;0;0;0;0;3.587155963;0;3.587155963;0;0;0;0;7.174311927;0;0;0;0;0;0;0;0;0;0;0;0;0;0;0;0;0;0;0;0;0;0;0;0;0;0;0;0;0;0;0;0;0;0;0;0;7.174311927;0;0;0;0;0;3.587155963;0;0;0;0;0;0;0;0;0;0;0;0;0;0;0;0;0;0;0;0;0;0;0;0;0;0;0;14.34862385;0;0;0;0;0;0;0;0;0;0;0;0;0;0;0;0;0;0;0;0;0;0;0;0;0;0;0;0;0;0;0;0;0;0;0;0;0;0;0;0;0;0;0;0;0;0;0;0;0;0;0;0;0;0;0;0;0;0;0
"#115";0;0;8.752293578;0;14.58715596;35.00917431;0;5.834862385;0;5.834862385;0;81.68807339;64.18348624;0;0;0;17.50458716;0;0;0;2.917431193;0;0;0;23.33944954;0;0;0;5.834862385;0;0;0;0;0;0;0;0;0;0;0;20.42201835;5.834862385;0;0;0;0;0;0;0;0;14.58715596;0;0;0;0;0;0;0;5.834862385;0;0;0;0;2.917431193;0;0;0;0;0;0;0;0;0;0;0;0;0;0;0;0;0;0;0;0;0;0;0;0;0;0;0;0;0;0;0;0;2.917431193;0;0;0;0;0;0;0;0;0;0;0;0;0;0;0;0;0;0;0;0;0;0;0;0;0;0;0;0;0;0;0;0;0;0;0;0;0;0;0;0;0;0;0;0;0;0;0;0;0;0;0;0;0;0;0;0;0;0;0;0;0;0;0;0;0;0;0;0;0;0;0;0;0;0;0;0;0;0;0;0;0;0;0;0;0;0;0;0;0;0;0;0;0;0;0;0;0
"#116";0;2.99047619;0;29.9047619;86.72380952;11.96190476;0;0;0;0;0;53.82857143;5.980952381;0;0;2.99047619;0;0;0;0;0;0;0;0;0;0;0;0;0;0;0;0;0;0;0;56.81904762;0;0;0;0;0;0;0;0;0;0;0;5.980952381;0;0;0;0;0;0;0;0;0;0;23.92380952;0;0;0;0;11.96190476;0;0;0;0;0;0;0;0;0;0;0;0;0;0;0;0;0;0;0;0;0;0;0;0;0;0;0;0;0;0;0;0;17.94285714;0;0;0;0;0;0;0;0;0;0;2.99047619;0;0;0;0;0;0;0;0;0;0;0;0;0;0;0;0;0;0;0;0;0;0;0;0;0;0;0;0;0;0;0;0;0;0;0;0;0;0;0;0;0;0;0;0;0;0;0;0;0;0;0;0;0;0;0;0;0;0;0;0;0;0;0;0;0;0;0;0;0;0;0;0;0;0;0;0;0;0;0;0;0;0;0;0;0;0
"#117";0;2.774509804;0;0;24.97058824;0;0;2.774509804;2.774509804;2.774509804;0;16.64705882;0;2.774509804;0;0;0;0;0;2.774509804;5.549019608;0;0;0;0;0;0;0;0;0;0;0;0;0;0;138.7254902;0;0;0;0;0;0;0;0;2.774509804;0;0;41.61764706;0;0;0;0;0;0;0;0;0;0;8.323529412;0;0;0;0;8.323529412;0;0;0;0;0;0;0;0;0;0;0;0;0;0;0;0;0;0;0;0;0;0;0;0;0;0;0;0;0;0;0;0;2.774509804;0;0;0;0;0;0;0;0;0;0;0;0;0;0;0;0;0;0;0;0;0;0;0;0;0;0;0;0;0;0;0;0;0;0;0;0;0;5.549019608;0;0;0;0;0;0;0;0;0;0;0;0;0;0;0;0;0;0;0;0;0;0;0;0;0;0;0;0;0;0;0;0;0;0;0;0;0;0;0;0;5.549019608;0;0;0;0;0;0;0;0;0;2.774509804;0;0;2.774509804;0;0;0;0;0
"#118";0;172.1538462;0;0;57.38461538;0;0;0;43.03846154;0;0;803.3846154;43.03846154;0;0;100.4230769;0;0;0;14.34615385;28.69230769;14.34615385;0;0;129.1153846;0;0;0;0;0;0;0;0;0;0;0;0;0;0;0;0;14.34615385;0;0;0;0;0;0;0;0;0;0;0;0;0;0;0;0;0;0;0;0;0;0;0;0;0;0;0;0;43.03846154;0;0;0;0;0;28.69230769;0;0;0;0;0;0;0;0;0;0;0;0;0;0;0;0;0;0;0;0;0;0;0;0;0;0;0;0;0;0;0;0;0;0;0;0;0;0;0;0;0;0;0;0;0;0;0;0;0;0;0;0;0;0;0;0;0;0;0;0;0;0;0;0;0;0;0;0;0;0;0;0;0;0;0;0;0;0;0;0;0;0;0;0;0;0;0;0;0;0;0;0;0;0;0;0;0;0;0;0;0;0;0;0;0;0;0;0;0;0;0;0;0;0;0;0;0
"#119";0;0;107.3142857;0;23.84761905;0;0;0;0;166.9333333;0;59.61904762;107.3142857;333.8666667;0;71.54285714;0;0;11.92380952;11.92380952;0;23.84761905;0;0;47.6952381;11.92380952;0;0;0;0;0;0;0;35.77142857;0;0;0;0;0;0;155.0095238;0;0;0;0;0;0;0;0;0;0;0;0;0;0;0;0;0;0;0;0;0;0;0;0;0;0;23.84761905;0;0;0;0;0;0;0;0;0;0;0;0;0;0;0;0;0;0;0;23.84761905;0;11.92380952;0;0;0;0;0;0;0;0;0;0;0;0;0;0;0;0;0;0;0;0;0;0;0;0;0;0;0;0;0;0;0;23.84761905;0;0;0;0;0;0;0;0;0;0;0;0;0;0;0;0;0;0;0;0;0;0;0;0;0;0;0;0;0;0;0;0;0;0;0;0;0;0;0;0;0;0;0;0;0;0;0;0;0;0;0;0;0;0;0;0;0;0;0;0;0;0;0;0;0;0;0;0;0;0;0;0
"#120";0;0;239.2427184;0;0;0;0;0;0;186.0776699;0;0;79.74757282;159.4951456;0;106.3300971;0;0;39.87378641;79.74757282;0;66.45631068;0;0;39.87378641;0;0;0;0;0;0;0;0;199.368932;0;0;0;0;0;0;26.58252427;0;0;0;53.16504854;0;0;0;0;0;0;0;0;0;0;26.58252427;0;0;13.29126214;0;0;0;0;0;0;0;0;0;0;0;0;39.87378641;0;0;0;0;0;0;0;0;0;0;0;0;0;0;0;0;0;0;0;0;0;0;0;0;0;0;0;0;0;0;0;0;0;0;0;0;0;0;0;0;0;0;0;0;0;0;0;0;0;13.29126214;0;0;0;0;0;0;0;0;0;0;0;0;0;0;0;0;0;0;0;0;0;0;0;0;0;0;0;0;0;0;0;0;0;0;0;0;0;0;0;0;0;0;0;0;0;0;0;0;0;0;0;0;0;0;0;0;0;0;0;0;0;0;0;0;0;0;0;0;0;0;0;0
"#121";0;15.88990826;127.1192661;0;95.33944954;23.83486239;0;0;7.944954128;39.72477064;0;230.4036697;39.72477064;23.83486239;0;150.9541284;0;0;0;0;7.944954128;23.83486239;0;0;71.50458716;0;0;0;0;0;0;0;0;0;0;0;0;0;0;0;0;0;0;0;0;0;0;0;0;0;0;0;0;0;0;0;0;0;0;0;0;0;0;0;0;0;0;0;0;0;0;7.944954128;0;0;0;0;0;0;0;0;0;0;0;0;0;0;0;0;0;0;0;0;0;0;0;0;0;0;0;0;0;0;0;0;0;0;0;0;0;0;0;0;0;0;0;0;0;0;0;0;0;0;0;0;0;0;0;0;0;0;0;0;0;0;0;0;0;0;0;0;0;0;0;0;0;0;0;0;0;0;0;0;0;0;0;0;0;0;0;0;0;0;0;0;0;0;0;0;0;0;0;0;0;0;0;0;0;0;0;0;0;0;0;0;0;0;0;0;0;0;0;0;0;0
"#122";0;10.45283019;5.226415094;0;20.90566038;5.226415094;0;5.226415094;10.45283019;5.226415094;0;104.5283019;31.35849057;20.90566038;0;20.90566038;5.226415094;0;10.45283019;5.226415094;5.226415094;219.509434;0;0;0;0;5.226415094;0;10.45283019;0;0;0;0;0;0;0;0;0;0;0;5.226415094;0;0;5.226415094;0;0;0;5.226415094;0;0;0;0;0;0;0;0;0;5.226415094;5.226415094;0;0;0;0;0;0;0;0;0;0;0;5.226415094;0;0;0;0;0;0;0;0;0;0;0;0;0;0;5.226415094;0;0;0;0;0;0;0;0;0;0;0;0;0;0;0;0;0;0;0;0;10.45283019;0;0;0;0;0;0;0;0;0;0;0;0;0;0;0;0;0;0;0;0;0;0;0;0;0;0;0;5.226415094;0;0;0;0;0;0;0;0;0;0;0;0;0;0;0;0;0;0;0;0;0;0;0;0;0;0;0;0;0;0;0;0;0;0;0;0;0;0;0;0;0;0;0;0;0;0;0;0;0;0;0;0;0;0;0;0;0;0;0
"#123";0;0;40.11214953;0;40.11214953;0;0;0;0;140.3925234;0;0;50.14018692;10.02803738;0;140.3925234;0;0;20.05607477;0;0;150.4205607;0;20.05607477;220.6168224;0;0;0;0;0;0;0;10.02803738;20.05607477;0;0;0;0;0;0;0;60.1682243;0;0;0;0;0;0;0;0;0;0;0;0;0;0;0;0;10.02803738;0;0;0;0;0;0;0;0;0;0;0;110.3084112;30.08411215;0;0;0;0;0;0;0;0;0;0;0;0;0;0;0;0;0;0;0;0;0;0;0;0;0;0;0;0;0;0;0;0;0;0;0;0;0;0;0;0;0;0;0;0;0;0;0;0;0;0;0;0;0;0;0;0;0;0;0;0;0;0;0;0;0;0;0;0;0;0;0;0;0;0;0;0;0;0;0;0;0;0;0;0;0;0;0;0;0;0;0;0;0;0;0;0;0;0;0;0;0;0;0;0;0;0;0;0;0;0;0;0;0;0;0;0;0;0;0;0;0;0
"#124";0;0;364.953271;0;58.39252336;0;0;0;0;131.3831776;0;0;160.5794393;87.58878505;0;14.59813084;0;0;29.19626168;175.1775701;0;102.1869159;0;0;0;0;0;0;14.59813084;0;0;0;0;43.79439252;0;0;0;0;0;0;87.58878505;0;0;14.59813084;116.7850467;0;0;0;0;0;0;0;0;72.99065421;0;0;0;0;0;0;0;0;0;0;0;0;0;0;0;0;0;0;0;0;0;0;0;0;0;0;0;0;0;0;0;0;0;43.79439252;0;14.59813084;0;0;0;0;14.59813084;0;0;0;0;0;0;0;0;0;0;0;14.59813084;0;0;0;0;0;0;0;0;0;0;0;0;0;0;0;0;0;0;0;0;0;0;0;0;0;0;0;0;0;0;0;0;0;0;0;0;0;0;0;0;0;0;0;0;0;0;0;0;0;0;0;0;0;0;0;0;0;0;0;0;0;0;0;0;0;0;0;0;0;0;0;0;0;0;0;0;0;0;0;0;0;0;0;0;0;0;0
"#125";0;0;161.8317757;0;80.91588785;0;0;0;67.42990654;296.6915888;0;26.97196262;26.97196262;94.40186916;0;0;0;0;107.8878505;26.97196262;0;121.3738318;0;0;26.97196262;0;0;0;13.48598131;0;0;13.48598131;0;0;0;0;0;0;0;0;188.8037383;0;0;0;26.97196262;0;0;0;0;0;0;0;0;53.94392523;0;0;0;0;0;0;0;0;0;13.48598131;0;0;0;0;0;0;0;26.97196262;0;0;0;0;0;0;40.45794393;0;0;0;0;0;0;0;0;13.48598131;0;0;0;0;0;0;0;0;0;0;0;0;0;0;0;0;0;0;0;0;0;0;0;0;0;0;0;0;0;0;0;0;0;0;0;0;0;0;0;0;0;0;0;13.48598131;0;0;0;0;0;0;0;0;0;0;0;0;0;0;0;0;0;0;0;0;0;0;0;0;0;0;0;0;0;0;0;0;0;0;0;0;0;0;0;0;0;0;0;0;0;0;0;0;0;0;0;0;0;0;0;0;0;0;0;0;0;0
"#126";0;0;25.99009901;0;86.63366337;173.2673267;0;0;8.663366337;17.32673267;17.32673267;155.9405941;8.663366337;17.32673267;0;0;0;0;17.32673267;0;0;43.31683168;0;17.32673267;17.32673267;0;8.663366337;0;0;0;0;0;0;0;0;0;0;77.97029703;0;0;0;0;0;0;0;0;0;0;0;0;0;0;0;8.663366337;0;17.32673267;0;0;60.64356436;0;0;0;0;0;0;0;0;0;0;0;17.32673267;0;0;0;0;0;0;0;0;0;0;0;0;0;0;0;0;0;0;0;0;0;0;0;0;0;0;0;0;0;0;51.98019802;0;0;0;0;25.99009901;0;0;0;0;0;0;0;0;0;0;0;0;0;0;0;0;0;0;0;0;0;0;0;0;0;0;0;0;0;0;0;0;0;0;0;0;0;0;0;0;0;0;0;0;0;0;0;0;0;0;0;0;0;0;0;0;0;0;0;0;0;0;0;0;0;0;0;0;0;0;0;0;0;0;0;0;0;0;0;0;0;0;0;0;0;0;0
"#127";0;0;133.9705882;0;0;0;0;0;8.931372549;35.7254902;0;17.8627451;26.79411765;89.31372549;0;0;0;0;276.872549;17.8627451;0;8.931372549;0;0;0;0;0;0;0;0;0;0;0;0;0;0;0;0;0;0;26.79411765;8.931372549;0;17.8627451;8.931372549;0;0;0;0;0;0;0;0;8.931372549;0;44.65686275;0;0;0;0;0;0;0;8.931372549;26.79411765;0;0;0;0;0;0;0;0;0;8.931372549;0;0;0;35.7254902;0;0;0;0;0;0;8.931372549;0;35.7254902;0;0;0;0;0;0;0;0;0;0;0;0;0;0;0;0;0;0;0;8.931372549;0;0;0;0;0;0;0;8.931372549;0;0;0;0;0;0;0;0;0;0;0;0;0;0;8.931372549;0;0;0;0;0;0;0;0;0;0;0;17.8627451;0;0;0;0;0;0;0;0;0;0;0;0;0;0;0;0;0;0;0;0;0;0;0;8.931372549;0;0;0;0;0;0;0;0;0;0;0;0;0;0;0;0;0;0;0;0;0;0;0;0;0;0;0
"#128";0;0;0;136.972973;9.783783784;0;0;0;264.1621622;0;0;0;0;19.56756757;9.783783784;0;0;0;0;0;127.1891892;0;0;0;39.13513514;0;0;0;9.783783784;0;0;117.4054054;0;0;0;0;19.56756757;0;0;0;0;0;0;0;0;0;0;0;0;0;0;0;0;0;0;0;39.13513514;0;0;0;0;0;0;0;19.56756757;78.27027027;0;0;39.13513514;0;0;0;0;0;0;0;0;0;19.56756757;0;19.56756757;117.4054054;0;0;0;0;0;0;0;0;0;0;0;0;0;0;0;0;0;0;0;0;0;0;0;0;0;0;0;0;0;0;0;0;0;0;0;0;0;0;0;0;0;0;0;0;0;0;0;0;0;0;0;0;0;0;0;0;0;0;0;0;0;0;0;0;0;0;0;0;0;0;0;0;0;0;0;0;0;0;0;0;0;0;0;0;0;0;0;0;0;0;0;0;0;0;0;0;0;0;0;0;0;0;0;0;0;0;0;0;0;0;0;0
"#129";0;0;290.9433962;0;96.98113208;0;0;0;193.9622642;271.5471698;0;0;38.79245283;58.18867925;0;0;0;0;116.3773585;58.18867925;0;19.39622642;0;0;58.18867925;0;0;0;193.9622642;0;0;0;0;0;0;0;0;0;0;0;135.7735849;0;0;0;38.79245283;0;38.79245283;19.39622642;0;0;19.39622642;0;0;38.79245283;0;58.18867925;0;0;0;0;0;38.79245283;0;0;38.79245283;38.79245283;0;0;0;0;0;0;0;0;0;0;0;0;58.18867925;19.39622642;0;0;0;0;0;0;0;19.39622642;0;19.39622642;0;0;0;0;0;0;0;0;0;77.58490566;0;0;0;0;0;0;0;0;0;0;0;0;0;0;0;0;0;0;0;0;0;0;0;0;0;0;0;0;0;0;0;0;0;0;0;0;0;0;0;0;0;0;0;0;0;0;0;0;0;0;0;0;0;0;0;0;0;0;0;0;0;0;0;0;0;0;0;0;0;0;0;0;0;0;0;0;0;0;0;0;0;0;0;0;0;0;0;0;0;0;0;0;0;0
"#130";0;0;0;344.2282609;0;0;0;0;125.173913;0;31.29347826;0;0;0;0;0;0;0;0;0;156.4673913;0;0;970.0978261;31.29347826;0;0;0;62.58695652;813.6304348;156.4673913;93.88043478;0;0;0;0;0;0;0;0;0;0;0;0;0;0;0;0;0;0;0;0;0;0;0;0;0;0;0;0;0;0;0;0;31.29347826;0;0;0;0;0;0;0;0;0;0;0;0;0;31.29347826;0;0;31.29347826;0;0;0;0;0;0;0;0;0;0;0;0;0;0;0;0;0;0;0;0;0;0;0;0;0;0;0;0;0;0;0;0;0;0;0;0;0;0;0;0;0;0;0;0;0;0;0;0;0;0;0;0;0;0;0;0;0;0;0;0;0;0;0;0;0;0;0;0;0;0;0;0;0;0;0;0;0;0;0;0;0;0;0;0;0;0;0;0;0;0;0;0;0;0;0;0;0;0;0;0;0;0;0;0;0;0;0;0;0;0;0;0
"#131";0;0;0;0;303.4423077;19.57692308;9.788461538;0;78.30769231;9.788461538;0;0;0;0;0;0;0;0;0;97.88461538;185.9807692;0;0;117.4615385;9.788461538;0;9.788461538;0;29.36538462;0;0;29.36538462;0;0;0;0;29.36538462;0;0;0;0;0;0;0;0;0;9.788461538;0;0;0;0;0;0;0;0;0;0;0;0;0;0;0;0;0;0;0;0;0;0;0;0;0;0;0;0;0;0;0;0;9.788461538;29.36538462;0;0;0;0;19.57692308;0;9.788461538;0;0;0;0;9.788461538;0;0;0;0;0;0;0;0;0;0;0;0;0;0;0;0;0;0;0;0;0;0;0;0;0;0;0;0;0;0;0;0;0;0;0;0;0;0;0;0;0;0;0;0;0;0;0;0;0;0;0;0;0;0;0;0;0;0;0;0;0;0;0;0;0;0;0;0;0;0;0;0;0;0;0;0;0;0;0;0;0;0;0;0;0;0;0;0;0;0;0;0;0;0;0;0;0;0;0;0;0
"#132";8;56;64;0;144;8;0;0;0;8;8;40;16;0;0;0;0;144;32;16;8;40;24;0;8;0;8;0;32;0;0;0;0;0;0;0;0;0;0;0;0;8;0;0;0;0;0;0;0;0;16;0;0;0;0;0;0;0;0;0;0;0;0;0;0;0;0;0;0;0;0;0;0;0;0;0;0;0;8;0;0;0;0;0;0;0;0;0;0;0;0;0;0;0;0;0;0;0;0;0;0;0;0;0;0;0;0;0;0;0;0;0;0;0;0;0;0;0;0;0;0;0;0;0;0;0;0;0;0;0;0;0;0;0;0;0;0;0;0;0;0;0;0;0;0;0;0;0;0;0;0;0;0;0;0;0;0;0;0;0;0;0;0;0;0;0;0;0;0;0;8;0;0;0;0;0;0;0;0;0;0;0;0;0;0;0;0;0;0;0;0;0;0;0
"#133";0;0;0;43.86666667;43.86666667;0;0;0;1030.866667;0;21.93333333;43.86666667;0;0;0;0;0;0;0;87.73333333;0;87.73333333;0;350.9333333;0;0;0;0;87.73333333;0;350.9333333;21.93333333;0;21.93333333;0;0;0;0;0;0;0;0;0;0;0;0;0;0;0;0;0;21.93333333;0;0;0;0;0;0;0;0;0;0;0;0;0;0;0;0;0;0;0;0;0;0;21.93333333;0;0;0;0;0;21.93333333;0;0;21.93333333;0;0;0;0;21.93333333;0;0;0;0;0;0;0;0;0;0;0;0;0;0;0;0;0;0;0;0;0;0;0;0;0;0;0;0;0;0;0;0;0;0;0;0;0;0;0;0;0;0;0;0;0;0;0;0;0;0;0;0;0;0;0;0;0;0;0;0;0;0;0;0;0;0;0;0;0;0;0;0;0;0;0;0;0;0;0;0;0;0;0;0;0;0;0;0;0;0;0;0;0;0;0;0;0;0;0;0;0;0;0;0;0
"#134";16.21568627;16.21568627;0;0;129.7254902;0;0;0;0;0;0;0;0;0;0;0;0;324.3137255;8.107843137;32.43137255;0;16.21568627;32.43137255;0;0;0;8.107843137;0;16.21568627;32.43137255;32.43137255;0;0;0;0;0;0;0;0;0;0;0;0;64.8627451;0;0;8.107843137;0;0;0;0;0;8.107843137;0;0;0;0;0;8.107843137;0;0;0;0;0;0;0;0;0;0;0;0;0;0;0;0;0;0;0;0;0;8.107843137;0;0;16.21568627;0;0;24.32352941;0;8.107843137;0;0;0;0;0;0;16.21568627;0;0;0;0;0;0;0;0;0;0;0;0;0;0;0;0;0;0;0;0;0;0;0;0;0;0;0;0;0;0;0;0;0;0;0;0;0;0;0;0;0;0;0;0;0;0;0;0;0;0;0;0;0;0;0;0;0;0;0;0;0;0;0;0;0;0;0;0;0;0;0;0;0;0;0;0;0;0;0;0;0;0;0;0;0;0;0;0;0;0;0;0;0;0;0;0;0;0
"#135";11.41747573;45.66990291;3.805825243;0;11.41747573;3.805825243;0;3.805825243;7.611650485;0;3.805825243;3.805825243;0;0;0;0;0;76.11650485;3.805825243;0;0;0;0;0;64.69902913;0;0;0;19.02912621;11.41747573;0;3.805825243;0;3.805825243;0;0;15.22330097;0;0;0;0;19.02912621;0;7.611650485;0;0;0;0;0;0;26.6407767;0;0;0;0;0;0;0;3.805825243;3.805825243;0;0;0;0;3.805825243;0;0;0;0;0;0;0;0;0;3.805825243;15.22330097;0;0;0;0;0;0;0;3.805825243;0;0;0;0;0;0;0;0;0;0;3.805825243;7.611650485;0;0;0;0;0;0;0;0;0;0;0;0;0;0;0;0;0;0;0;0;0;0;0;0;0;0;0;0;0;0;0;0;0;0;0;0;0;0;0;0;0;0;0;0;0;0;0;0;0;0;0;0;0;0;0;0;0;0;0;0;0;0;0;0;0;0;0;0;0;0;0;0;0;0;0;0;0;0;0;0;0;0;0;0;0;0;0;0;0;0;0;0;0;0;0;0;0;0
"#136";91.06542056;299.2149533;0;0;39.02803738;13.00934579;0;0;0;0;26.01869159;0;0;13.00934579;0;52.03738318;0;65.04672897;78.05607477;26.01869159;13.00934579;0;52.03738318;13.00934579;65.04672897;91.06542056;78.05607477;0;26.01869159;0;0;26.01869159;0;26.01869159;0;0;0;0;0;13.00934579;0;65.04672897;0;0;13.00934579;0;39.02803738;0;0;0;52.03738318;0;0;0;13.00934579;0;0;0;0;13.00934579;13.00934579;0;13.00934579;0;0;0;0;0;0;0;26.01869159;0;0;0;13.00934579;0;0;13.00934579;0;0;0;0;0;0;0;0;0;0;0;0;0;0;0;0;0;0;0;0;0;0;0;0;0;0;0;13.00934579;0;0;0;0;0;0;0;0;0;0;0;0;0;0;0;0;0;0;0;0;0;0;0;0;0;0;0;0;0;0;0;0;0;0;0;0;0;0;0;0;0;0;0;0;0;0;0;0;0;0;0;0;0;0;0;0;0;0;0;0;0;0;0;0;0;0;0;0;0;0;0;0;0;0;0;0;0;0;0;0;0;0;0;0;0;0;0;0
"#137";296.6037736;207.6226415;0;29.66037736;0;163.1320755;0;133.4716981;0;0;29.66037736;0;0;0;118.6415094;0;0;14.83018868;14.83018868;0;266.9433962;0;44.49056604;0;0;29.66037736;59.32075472;59.32075472;0;0;0;0;0;0;14.83018868;0;14.83018868;0;0;29.66037736;0;0;0;0;0;0;0;0;0;14.83018868;14.83018868;0;0;0;0;0;0;0;0;0;0;0;0;0;0;0;0;0;0;0;14.83018868;0;0;0;0;0;0;0;0;0;0;0;0;0;0;0;0;0;0;0;0;0;0;0;0;0;0;0;0;0;0;0;0;0;0;0;0;0;0;0;0;0;0;0;0;0;0;0;0;0;0;0;0;0;0;0;0;0;0;0;0;0;0;0;0;0;0;0;0;0;0;0;0;0;0;0;0;0;0;0;0;0;0;0;0;0;0;0;0;0;0;0;0;0;0;0;0;0;0;0;0;0;0;0;0;0;0;0;0;0;0;0;0;0;0;0;0;0;0;0;0;0;0;0
"#138";979.6601942;139.9514563;0;55.98058252;0;167.9417476;279.9029126;307.8932039;0;0;223.9223301;0;0;0;111.961165;0;0;0;0;0;0;27.99029126;27.99029126;0;27.99029126;111.961165;27.99029126;0;0;27.99029126;0;0;0;0;55.98058252;0;27.99029126;0;0;83.97087379;0;0;0;167.9417476;0;0;0;0;0;0;0;0;0;0;0;0;0;0;0;0;0;0;27.99029126;0;0;0;0;0;0;0;0;0;0;0;0;0;0;0;0;0;0;0;0;0;0;0;0;0;0;0;0;0;0;0;0;0;0;0;0;0;0;0;0;0;0;0;0;0;0;0;0;0;0;0;0;0;0;0;0;0;0;0;0;0;0;0;0;0;0;0;0;0;0;0;0;0;0;0;0;0;0;0;0;0;0;0;0;0;0;0;0;0;0;0;0;0;0;0;0;0;0;0;0;0;0;0;0;0;0;0;0;0;0;0;0;0;0;0;0;0;0;0;0;0;0;0;0;0;0;0;0;0;0;0
"#139";617.4392523;168.3925234;0;56.13084112;0;187.1028037;187.1028037;261.9439252;93.55140187;0;74.8411215;0;0;0;0;0;0;0;18.71028037;0;0;0;74.8411215;0;0;56.13084112;18.71028037;37.42056075;0;0;0;0;0;0;0;0;37.42056075;0;0;37.42056075;0;37.42056075;0;0;0;0;0;0;0;0;0;0;0;0;37.42056075;0;0;0;0;0;0;0;0;0;0;0;0;0;0;0;0;0;0;0;0;0;0;0;0;0;0;0;0;0;0;0;0;0;0;0;0;0;0;0;0;0;0;0;0;0;0;0;0;0;0;0;0;0;0;0;0;0;0;0;0;0;0;0;0;0;0;0;0;0;0;0;0;0;0;0;0;0;0;0;0;0;0;0;0;0;0;0;0;0;0;0;0;0;0;0;0;0;0;0;0;0;0;0;0;0;0;0;0;0;0;0;0;0;0;0;0;0;0;0;0;0;0;0;0;0;0;0;0;0;0;0;0;0;0;0;0;0;0;0
"#140";296.8301887;61.83962264;0;49.47169811;0;136.0471698;74.20754717;74.20754717;74.20754717;0;136.0471698;12.36792453;0;0;37.10377358;0;0;12.36792453;24.73584906;12.36792453;0;49.47169811;49.47169811;0;24.73584906;74.20754717;0;24.73584906;0;0;0;0;0;0;0;0;12.36792453;0;0;12.36792453;0;0;0;0;0;0;0;0;0;0;0;0;0;0;0;0;0;0;0;0;0;0;0;0;0;0;12.36792453;0;0;0;0;0;0;0;24.73584906;0;12.36792453;0;0;0;0;0;0;0;0;0;0;0;0;0;0;0;0;0;0;0;0;0;0;0;0;0;12.36792453;0;0;0;0;0;0;0;0;0;0;0;0;0;0;0;0;0;0;0;0;0;0;0;0;0;0;0;0;0;0;0;0;0;0;0;0;0;0;0;0;0;0;0;0;0;0;0;0;0;0;0;0;0;0;0;0;0;0;0;0;0;0;0;0;0;0;0;0;0;0;0;0;0;0;0;0;0;0;0;0;0;0;0;0;0;0;0;0;0;0;0
"#141";542.5981308;313.0373832;0;0;0;83.47663551;125.2149533;208.6915888;0;0;62.60747664;20.86915888;0;0;438.2523364;0;0;0;0;20.86915888;0;0;104.3457944;0;0;62.60747664;41.73831776;20.86915888;0;0;0;0;0;0;20.86915888;0;20.86915888;0;0;62.60747664;0;0;0;20.86915888;20.86915888;0;0;0;20.86915888;0;0;0;0;0;0;0;0;0;0;0;20.86915888;0;0;0;0;0;0;0;0;0;0;0;0;0;0;0;0;0;0;0;0;0;0;0;0;0;0;0;0;0;0;0;0;0;0;0;0;0;0;0;0;0;0;0;0;0;0;0;0;0;0;0;0;0;0;0;0;0;0;0;0;0;0;0;0;0;0;0;0;0;0;0;0;0;0;0;0;0;0;0;0;0;0;0;0;0;0;0;0;0;0;0;0;0;0;0;0;0;0;0;0;0;0;0;0;0;0;0;0;0;0;0;0;0;0;0;0;0;0;0;0;0;0;0;0;0;0;0;0;0;0;0;0;0
"#142";130.733945;52.29357798;0;26.14678899;0;26.14678899;117.6605505;117.6605505;104.587156;0;39.22018349;26.14678899;0;0;91.51376147;0;300.6880734;0;0;26.14678899;0;0;52.29357798;0;0;26.14678899;13.0733945;39.22018349;0;0;0;0;0;0;0;0;13.0733945;0;13.0733945;26.14678899;0;26.14678899;26.14678899;13.0733945;0;0;0;0;0;0;0;0;0;0;0;0;0;13.0733945;0;0;0;0;0;0;0;0;26.14678899;13.0733945;0;0;0;0;0;0;0;0;0;0;0;13.0733945;0;0;0;0;0;0;0;0;0;0;0;0;0;0;0;0;0;0;0;0;0;0;0;0;0;0;0;0;0;0;0;0;0;0;0;0;13.0733945;0;0;0;0;0;0;0;0;0;13.0733945;0;0;0;0;0;0;0;0;0;0;0;0;0;0;0;0;0;0;0;0;0;13.0733945;13.0733945;0;0;0;0;0;0;0;0;0;0;0;0;0;0;0;0;0;0;0;0;0;0;0;0;0;0;0;0;0;0;0;0;0;0;0;0;0;0;0;0;0;0;0;0
"#143";336;112;0;448;0;392;224;336;168;0;224;0;0;0;140;0;0;0;0;0;0;28;56;0;0;28;28;140;0;0;0;0;0;0;28;0;56;0;28;0;0;0;84;0;0;0;0;0;0;28;0;0;0;0;0;0;0;0;0;0;0;0;0;0;0;0;0;0;0;0;0;0;0;0;0;0;0;0;0;0;0;0;0;0;0;0;0;0;0;0;0;0;0;0;0;0;0;0;0;0;0;0;0;0;0;0;0;0;0;0;0;0;0;0;0;0;0;0;0;0;0;0;0;0;0;0;0;0;0;0;0;0;0;0;0;0;0;0;0;0;0;0;0;0;0;0;0;0;0;0;0;0;0;0;0;0;0;0;0;0;0;0;0;0;0;0;0;0;0;0;0;0;0;0;0;0;0;0;0;0;0;0;0;0;0;0;0;0;0;0;0;0;0;0
"#144";442.9056604;221.4528302;0;161.0566038;20.13207547;80.52830189;120.7924528;543.5660377;80.52830189;0;40.26415094;0;0;0;60.39622642;0;0;0;0;0;0;0;40.26415094;0;40.26415094;20.13207547;0;60.39622642;0;0;0;20.13207547;0;0;0;0;0;0;0;0;0;20.13207547;60.39622642;0;0;0;0;0;0;40.26415094;0;0;0;0;0;0;0;20.13207547;0;0;0;0;0;0;0;0;0;0;0;0;0;0;0;0;0;0;0;0;0;0;0;0;0;0;0;0;0;0;0;0;0;0;0;0;0;0;0;0;0;0;0;0;40.26415094;0;0;0;0;0;0;0;0;0;0;0;0;0;0;0;0;0;0;0;0;0;0;0;0;0;0;0;0;0;0;0;0;0;0;0;0;0;0;0;0;0;0;0;0;0;0;0;0;0;0;0;0;0;0;0;0;0;0;0;0;0;0;0;0;0;0;0;0;0;0;0;0;0;0;0;0;0;0;0;0;0;0;0;0;0;0;0;0;0;0;0
"#146";966.8571429;53.71428571;0;376;26.85714286;134.2857143;80.57142857;376;0;0;80.57142857;0;0;0;134.2857143;0;0;0;0;0;0;53.71428571;53.71428571;0;0;0;26.85714286;0;26.85714286;0;0;0;0;0;26.85714286;0;80.57142857;0;26.85714286;0;0;0;0;0;0;0;0;0;0;26.85714286;0;0;0;0;26.85714286;0;0;53.71428571;0;0;0;0;26.85714286;0;0;0;26.85714286;26.85714286;0;0;0;0;0;0;0;0;0;0;0;0;0;0;0;0;0;0;0;0;0;0;0;0;0;26.85714286;0;0;0;0;0;0;0;0;0;0;0;26.85714286;0;0;0;26.85714286;0;0;0;0;0;0;0;0;0;0;0;0;0;0;0;0;0;0;0;0;0;0;0;26.85714286;0;0;0;0;0;0;0;0;0;0;0;0;0;0;0;0;0;0;0;0;0;0;0;0;0;0;0;0;0;0;0;0;0;0;0;0;0;0;0;0;0;0;0;0;0;0;0;0;0;0;0;0;0;0;0;0;0;0;0;0
"#147";712.9245283;0;0;486.0849057;0;64.81132075;291.6509434;518.490566;0;0;356.4622642;0;0;32.40566038;324.0566038;0;0;0;0;0;0;97.21698113;64.81132075;0;0;64.81132075;0;0;0;0;0;32.40566038;0;32.40566038;64.81132075;0;64.81132075;0;0;64.81132075;0;0;32.40566038;0;32.40566038;0;0;0;0;64.81132075;0;0;0;0;0;0;0;0;0;0;0;0;0;0;0;0;0;0;0;0;0;0;0;0;0;0;0;0;0;0;0;0;0;0;0;0;0;0;32.40566038;0;0;0;0;0;0;0;0;0;0;0;0;0;0;0;0;0;0;0;0;0;0;0;0;0;0;0;0;0;0;0;0;0;0;0;0;0;0;0;0;0;0;0;0;0;0;0;0;0;0;0;0;0;0;0;0;0;0;0;0;0;0;0;0;0;0;0;0;0;0;0;0;0;0;0;0;0;0;0;0;0;0;0;0;0;0;0;0;0;0;0;0;0;0;0;0;0;0;0;0;0;0;0;0;0
"#148";138.3529412;29.64705882;0;98.82352941;0;59.29411765;79.05882353;9.882352941;29.64705882;0;59.29411765;0;0;0;98.82352941;0;0;0;0;0;0;39.52941176;0;0;9.882352941;39.52941176;9.882352941;0;0;0;0;19.76470588;0;0;0;0;29.64705882;0;9.882352941;0;0;59.29411765;0;0;19.76470588;0;19.76470588;9.882352941;0;0;29.64705882;0;0;0;9.882352941;0;0;19.76470588;0;0;9.882352941;0;0;0;0;0;0;19.76470588;0;0;0;0;0;0;0;0;0;9.882352941;0;0;0;0;0;0;0;0;0;0;0;0;0;0;0;0;0;0;0;0;19.76470588;0;0;0;0;0;0;0;0;0;0;0;0;0;0;0;0;0;0;0;0;0;0;0;0;0;0;0;0;0;0;0;0;0;0;0;0;0;0;0;0;0;0;0;0;0;9.882352941;0;0;0;0;0;0;0;0;0;0;0;0;0;0;0;0;0;0;0;9.882352941;0;0;0;0;0;0;0;0;0;0;0;0;0;0;0;0;0;0;0;0;0;0;0;0;0;0;0;0;0
